school,sex,age,address,famsize,Pstatus,Medu,Fedu,Mjob,Fjob,reason,guardian,traveltime,studytime,failures,schoolsup,famsup,paid,activities,nursery,higher,internet,romantic,famrel,freetime,goout,Dalc,Walc,health,absences,G1,G2,G3
0.0,0.0,1.0,1.0,0.0,0.0,0.5,0.5,0.0,4.0,0.0,1.0,1.0,0.0,0.0,1.0,0.0,0.0,0.0,1.0,1.0,0.0,0.0,0.0,0.0,0.5,0.0,-0.5,-0.5,0.6666666666666666,5.0,6.0,6.0
0.0,0.0,0.0,1.0,0.0,1.0,-1.0,-1.0,0.0,2.0,0.0,0.0,0.0,0.0,0.0,0.0,1.0,0.0,0.0,0.0,1.0,1.0,0.0,1.0,0.0,0.0,0.0,-0.5,-0.5,0.3333333333333333,5.0,5.0,6.0
0.0,0.0,-2.0,1.0,1.0,1.0,-1.0,-1.0,0.0,2.0,2.0,1.0,0.0,0.0,3.0,1.0,0.0,1.0,0.0,1.0,1.0,1.0,0.0,0.0,0.0,-0.5,1.0,0.5,-0.5,1.3333333333333333,7.0,8.0,10.0
0.0,0.0,-2.0,1.0,0.0,1.0,0.5,-0.5,1.0,3.0,1.0,1.0,0.0,1.0,0.0,0.0,1.0,1.0,1.0,1.0,1.0,1.0,1.0,-1.0,-1.0,-0.5,0.0,-0.5,0.5,0.0,15.0,14.0,15.0
0.0,0.0,-1.0,1.0,0.0,1.0,0.0,0.0,2.0,2.0,1.0,0.0,0.0,0.0,0.0,0.0,1.0,1.0,0.0,1.0,1.0,0.0,0.0,0.0,0.0,-0.5,0.0,0.0,0.5,0.3333333333333333,6.0,10.0,10.0
0.0,1.0,-1.0,1.0,1.0,1.0,0.5,0.0,3.0,2.0,3.0,1.0,0.0,0.0,0.0,0.0,1.0,1.0,1.0,1.0,1.0,1.0,0.0,1.0,1.0,-0.5,0.0,0.0,0.5,1.3333333333333333,15.0,15.0,15.0
0.0,1.0,-1.0,1.0,1.0,1.0,-0.5,-0.5,2.0,2.0,1.0,1.0,0.0,0.0,0.0,0.0,0.0,0.0,0.0,1.0,1.0,1.0,0.0,0.0,1.0,0.5,0.0,-0.5,-0.5,-0.3333333333333333,12.0,12.0,11.0
0.0,0.0,0.0,1.0,0.0,0.0,0.5,0.5,2.0,4.0,1.0,1.0,1.0,0.0,0.0,1.0,1.0,0.0,0.0,1.0,1.0,0.0,0.0,0.0,-2.0,0.5,0.0,-0.5,-1.5,0.6666666666666666,6.0,5.0,6.0
0.0,1.0,-2.0,1.0,1.0,0.0,0.0,-0.5,3.0,2.0,1.0,1.0,0.0,0.0,0.0,0.0,1.0,1.0,0.0,1.0,1.0,1.0,0.0,0.0,-1.0,-0.5,0.0,-0.5,-1.5,-0.3333333333333333,16.0,18.0,19.0
0.0,1.0,-2.0,1.0,0.0,1.0,0.0,0.5,2.0,2.0,1.0,1.0,0.0,0.0,0.0,0.0,1.0,1.0,1.0,1.0,1.0,1.0,0.0,1.0,2.0,-1.0,0.0,-0.5,0.5,-0.3333333333333333,14.0,15.0,15.0
0.0,0.0,-2.0,1.0,0.0,1.0,0.5,0.5,4.0,1.0,3.0,1.0,0.0,0.0,0.0,0.0,1.0,1.0,0.0,1.0,1.0,1.0,0.0,-1.0,0.0,0.0,0.0,0.0,-1.0,-0.3333333333333333,10.0,8.0,9.0
0.0,0.0,-2.0,1.0,0.0,1.0,-0.5,-1.0,3.0,2.0,3.0,0.0,2.0,1.0,0.0,0.0,1.0,0.0,1.0,1.0,1.0,1.0,0.0,1.0,-1.0,-0.5,0.0,-0.5,0.0,0.3333333333333333,10.0,12.0,12.0
0.0,1.0,-2.0,1.0,1.0,1.0,0.5,0.5,1.0,3.0,0.0,0.0,0.0,-1.0,0.0,0.0,1.0,1.0,1.0,1.0,1.0,1.0,0.0,0.0,0.0,0.0,0.0,0.5,0.5,0.0,14.0,14.0,14.0
0.0,1.0,-2.0,1.0,0.0,1.0,0.5,0.0,4.0,2.0,0.0,1.0,1.0,0.0,0.0,0.0,1.0,1.0,0.0,1.0,1.0,1.0,0.0,1.0,1.0,0.0,0.0,0.0,-0.5,0.0,10.0,10.0,11.0
0.0,1.0,-2.0,1.0,0.0,0.0,-0.5,-0.5,2.0,2.0,1.0,2.0,0.0,1.0,0.0,0.0,1.0,0.0,0.0,1.0,1.0,1.0,1.0,0.0,2.0,-0.5,0.0,-0.5,-0.5,-0.3333333333333333,14.0,16.0,16.0
0.0,0.0,-1.0,1.0,0.0,1.0,0.5,0.5,1.0,2.0,1.0,1.0,0.0,-1.0,0.0,0.0,1.0,0.0,0.0,1.0,1.0,1.0,0.0,0.0,1.0,0.5,0.0,0.0,-1.0,0.3333333333333333,14.0,14.0,14.0
0.0,0.0,-1.0,1.0,0.0,1.0,0.5,0.5,3.0,3.0,3.0,1.0,0.0,1.0,0.0,0.0,1.0,1.0,1.0,1.0,1.0,1.0,0.0,-1.0,-1.0,0.0,0.0,0.0,-1.0,0.6666666666666666,13.0,14.0,14.0
0.0,0.0,-1.0,1.0,0.0,1.0,0.0,0.0,2.0,2.0,3.0,1.0,2.0,0.0,0.0,1.0,1.0,0.0,1.0,1.0,1.0,0.0,0.0,1.0,0.0,-0.5,0.0,-0.5,0.0,0.3333333333333333,8.0,10.0,10.0
0.0,1.0,0.0,1.0,0.0,1.0,0.0,-0.5,3.0,3.0,0.0,1.0,0.0,-1.0,3.0,0.0,1.0,0.0,1.0,1.0,1.0,1.0,0.0,1.0,2.0,1.0,1.0,1.0,0.5,2.3333333333333335,6.0,5.0,5.0
0.0,1.0,-1.0,1.0,1.0,1.0,0.5,0.0,1.0,2.0,1.0,0.0,0.0,-1.0,0.0,0.0,0.0,1.0,1.0,1.0,1.0,1.0,0.0,-1.0,-2.0,0.0,0.0,0.5,0.5,0.3333333333333333,8.0,10.0,10.0
0.0,1.0,-2.0,1.0,0.0,1.0,0.5,0.0,4.0,2.0,3.0,1.0,0.0,0.0,0.0,0.0,0.0,0.0,0.0,1.0,1.0,1.0,0.0,0.0,1.0,-1.0,0.0,-0.5,-1.5,-0.3333333333333333,13.0,14.0,15.0
0.0,1.0,-2.0,1.0,0.0,1.0,0.5,0.5,1.0,1.0,2.0,0.0,0.0,-1.0,0.0,0.0,1.0,1.0,0.0,1.0,1.0,1.0,0.0,1.0,1.0,-0.5,0.0,-0.5,0.5,-0.3333333333333333,12.0,15.0,15.0
0.0,1.0,-1.0,1.0,1.0,1.0,0.5,-0.5,4.0,2.0,0.0,1.0,0.0,0.0,0.0,0.0,0.0,0.0,1.0,1.0,1.0,1.0,0.0,0.0,2.0,-1.0,0.0,0.5,0.5,0.0,15.0,15.0,16.0
0.0,1.0,-1.0,1.0,1.0,1.0,-0.5,-0.5,2.0,2.0,3.0,1.0,1.0,0.0,0.0,0.0,1.0,0.0,1.0,1.0,1.0,1.0,0.0,1.0,1.0,0.5,1.0,1.0,0.5,-0.3333333333333333,13.0,13.0,12.0
0.0,0.0,-2.0,0.0,0.0,1.0,-0.5,0.5,3.0,1.0,0.0,1.0,0.0,1.0,0.0,1.0,1.0,1.0,1.0,1.0,1.0,1.0,0.0,0.0,0.0,-0.5,0.0,-0.5,0.5,0.0,10.0,9.0,8.0
0.0,0.0,-1.0,1.0,0.0,1.0,-0.5,-0.5,3.0,3.0,1.0,1.0,0.0,-1.0,2.0,0.0,1.0,1.0,0.0,0.0,1.0,1.0,0.0,-3.0,-1.0,-0.5,0.0,0.5,0.5,2.0,6.0,9.0,8.0
0.0,1.0,-2.0,1.0,0.0,1.0,-0.5,-0.5,2.0,2.0,1.0,1.0,0.0,-1.0,0.0,0.0,1.0,1.0,0.0,1.0,1.0,1.0,0.0,0.0,-1.0,-0.5,0.0,0.0,0.5,0.0,12.0,12.0,11.0
0.0,1.0,-2.0,1.0,0.0,1.0,0.5,-0.5,1.0,3.0,2.0,1.0,0.0,-1.0,0.0,0.0,0.0,1.0,0.0,1.0,1.0,1.0,0.0,-2.0,-1.0,0.5,1.0,1.0,-1.5,0.3333333333333333,15.0,16.0,15.0
0.0,1.0,-1.0,1.0,1.0,0.0,0.0,0.5,3.0,2.0,1.0,1.0,0.0,0.0,0.0,1.0,1.0,0.0,1.0,1.0,1.0,1.0,0.0,1.0,0.0,0.0,0.0,-0.5,0.5,0.3333333333333333,11.0,11.0,11.0
0.0,1.0,-1.0,1.0,0.0,1.0,0.5,0.5,4.0,4.0,1.0,1.0,0.0,0.0,0.0,0.0,1.0,1.0,1.0,1.0,1.0,1.0,1.0,0.0,1.0,1.0,4.0,1.5,0.5,2.3333333333333335,10.0,12.0,11.0
0.0,1.0,-2.0,1.0,0.0,1.0,0.5,0.5,1.0,3.0,1.0,1.0,0.0,0.0,0.0,0.0,1.0,1.0,0.0,0.0,1.0,1.0,0.0,1.0,1.0,-0.5,2.0,1.0,0.5,-0.3333333333333333,9.0,11.0,12.0
0.0,1.0,-2.0,1.0,0.0,1.0,0.5,0.5,3.0,3.0,3.0,1.0,1.0,0.0,0.0,0.0,1.0,0.0,1.0,1.0,1.0,1.0,0.0,0.0,0.0,-1.0,0.0,-0.5,0.5,-0.3333333333333333,17.0,16.0,17.0
0.0,1.0,-2.0,0.0,0.0,1.0,0.5,0.0,4.0,0.0,0.0,1.0,0.0,0.0,0.0,0.0,1.0,0.0,1.0,1.0,1.0,1.0,1.0,0.0,2.0,-0.5,0.0,-0.5,0.5,-0.3333333333333333,17.0,16.0,16.0
0.0,1.0,-2.0,1.0,1.0,1.0,0.0,0.0,2.0,2.0,0.0,1.0,0.0,0.0,0.0,0.0,0.0,0.0,1.0,0.0,1.0,1.0,0.0,1.0,0.0,-0.5,0.0,-0.5,-1.0,-0.3333333333333333,8.0,10.0,12.0
0.0,1.0,-1.0,1.0,0.0,1.0,0.0,-0.5,2.0,2.0,1.0,1.0,0.0,-1.0,0.0,0.0,1.0,1.0,0.0,0.0,1.0,1.0,0.0,1.0,1.0,0.0,0.0,-0.5,0.5,-0.3333333333333333,12.0,14.0,15.0
0.0,0.0,-2.0,1.0,0.0,1.0,-0.5,0.0,2.0,2.0,2.0,0.0,1.0,-1.0,0.0,0.0,1.0,0.0,1.0,1.0,1.0,0.0,0.0,-1.0,2.0,-1.0,0.0,-0.5,0.5,-0.3333333333333333,8.0,7.0,6.0
0.0,1.0,-2.0,1.0,1.0,1.0,0.5,0.0,4.0,3.0,1.0,1.0,0.0,1.0,0.0,0.0,1.0,0.0,1.0,1.0,1.0,1.0,0.0,1.0,1.0,0.0,0.0,-0.5,0.0,0.0,15.0,16.0,18.0
0.0,1.0,-1.0,0.0,0.0,0.0,0.5,0.5,2.0,4.0,3.0,1.0,1.0,1.0,0.0,0.0,1.0,0.0,1.0,1.0,1.0,1.0,1.0,-2.0,1.0,0.0,0.0,-0.5,0.5,0.8333333333333334,15.0,16.0,15.0
0.0,0.0,-2.0,0.0,0.0,1.0,0.0,0.5,3.0,1.0,0.0,1.0,0.0,1.0,0.0,1.0,1.0,1.0,1.0,1.0,1.0,1.0,0.0,0.0,0.0,-0.5,0.0,-0.5,0.5,0.0,12.0,12.0,11.0
0.0,0.0,-2.0,0.0,0.0,1.0,-0.5,-0.5,0.0,2.0,3.0,1.0,0.0,-1.0,0.0,1.0,1.0,1.0,1.0,1.0,1.0,0.0,0.0,0.0,0.0,-1.0,0.0,-0.5,-1.0,1.0,14.0,13.0,13.0
0.0,0.0,-1.0,1.0,1.0,1.0,-0.5,-0.5,2.0,2.0,1.0,1.0,1.0,0.0,1.0,0.0,1.0,0.0,1.0,0.0,1.0,1.0,1.0,-1.0,0.0,0.0,0.0,0.0,-0.5,3.8333333333333335,7.0,10.0,11.0
0.0,1.0,-2.0,1.0,1.0,1.0,0.5,0.5,4.0,2.0,1.0,2.0,0.0,-1.0,0.0,0.0,1.0,0.0,0.0,0.0,1.0,1.0,1.0,1.0,1.0,0.0,1.0,1.0,0.5,1.0,12.0,12.0,12.0
0.0,1.0,-2.0,1.0,0.0,1.0,0.5,0.5,3.0,4.0,0.0,0.0,0.0,0.0,0.0,0.0,1.0,0.0,1.0,1.0,1.0,1.0,0.0,0.0,0.0,0.0,0.0,-0.5,0.5,0.0,19.0,18.0,18.0
0.0,1.0,-2.0,1.0,0.0,1.0,-0.5,-0.5,3.0,3.0,0.0,0.0,0.0,-1.0,0.0,1.0,1.0,0.0,0.0,1.0,1.0,1.0,0.0,1.0,1.0,-1.0,0.0,-0.5,-1.5,-0.3333333333333333,8.0,8.0,11.0
0.0,0.0,-1.0,1.0,1.0,1.0,-0.5,-0.5,2.0,0.0,0.0,0.0,1.0,0.0,1.0,1.0,0.0,0.0,1.0,1.0,1.0,1.0,0.0,0.0,0.0,0.0,1.0,0.0,0.5,2.0,10.0,10.0,9.0
0.0,0.0,-2.0,1.0,1.0,0.0,0.5,0.0,2.0,2.0,0.0,1.0,0.0,0.0,0.0,1.0,1.0,1.0,1.0,1.0,1.0,1.0,1.0,1.0,-1.0,-0.5,0.0,-0.5,0.5,1.0,8.0,8.0,6.0
0.0,0.0,-1.0,1.0,1.0,0.0,0.0,0.0,2.0,3.0,1.0,1.0,0.0,0.0,0.0,0.0,1.0,0.0,0.0,1.0,1.0,1.0,0.0,-2.0,0.0,1.0,0.0,1.0,-0.5,1.6666666666666667,11.0,12.0,11.0
0.0,1.0,-1.0,1.0,0.0,1.0,0.5,0.0,1.0,3.0,3.0,1.0,0.0,2.0,0.0,0.0,0.0,0.0,1.0,1.0,1.0,1.0,0.0,0.0,-1.0,-0.5,0.0,-0.5,-1.0,0.3333333333333333,19.0,19.0,20.0
0.0,1.0,-2.0,1.0,0.0,1.0,0.5,-0.5,4.0,2.0,1.0,1.0,0.0,0.0,0.0,0.0,1.0,1.0,0.0,1.0,1.0,0.0,0.0,0.0,0.0,0.0,1.0,0.0,0.5,0.0,15.0,15.0,14.0
0.0,0.0,-2.0,1.0,0.0,1.0,0.5,0.5,3.0,4.0,2.0,0.0,0.0,0.0,1.0,1.0,1.0,0.0,1.0,0.0,1.0,1.0,0.0,0.0,1.0,0.5,0.0,-0.5,-0.5,0.0,7.0,7.0,7.0
0.0,0.0,-1.0,1.0,1.0,1.0,-0.5,-0.5,3.0,3.0,0.0,1.0,2.0,0.0,0.0,0.0,1.0,1.0,0.0,1.0,1.0,1.0,0.0,0.0,0.0,0.0,1.0,0.5,0.0,0.0,12.0,13.0,13.0
0.0,0.0,-2.0,1.0,1.0,1.0,0.5,-0.5,1.0,2.0,2.0,1.0,0.0,0.0,0.0,0.0,1.0,1.0,0.0,1.0,1.0,1.0,0.0,0.0,0.0,0.0,0.0,-0.5,0.5,0.0,11.0,13.0,13.0
0.0,1.0,-2.0,1.0,1.0,0.0,0.5,-0.5,1.0,1.0,2.0,0.0,1.0,-1.0,1.0,0.0,0.0,0.0,0.0,1.0,1.0,0.0,0.0,1.0,2.0,1.0,2.0,1.0,0.5,0.6666666666666666,11.0,11.0,10.0
0.0,0.0,-2.0,1.0,0.0,1.0,0.5,0.5,3.0,3.0,0.0,1.0,0.0,-1.0,0.0,1.0,1.0,1.0,0.0,1.0,1.0,1.0,0.0,-1.0,0.0,0.5,1.0,0.5,0.5,-0.3333333333333333,8.0,10.0,11.0
0.0,0.0,-2.0,1.0,1.0,0.0,0.0,0.0,2.0,2.0,2.0,1.0,0.0,-1.0,0.0,0.0,0.0,1.0,0.0,1.0,1.0,1.0,0.0,1.0,0.0,0.5,3.0,1.0,-1.5,0.6666666666666666,10.0,13.0,13.0
0.0,0.0,-1.0,1.0,0.0,0.0,-0.5,-1.0,2.0,2.0,2.0,1.0,0.0,0.0,0.0,0.0,0.0,1.0,1.0,1.0,1.0,1.0,1.0,1.0,0.0,0.5,0.0,-0.5,-1.0,1.0,8.0,9.0,10.0
0.0,0.0,-2.0,1.0,0.0,0.0,0.5,0.0,3.0,3.0,3.0,1.0,0.0,0.0,0.0,0.0,1.0,1.0,1.0,1.0,1.0,1.0,0.0,0.0,0.0,-0.5,0.0,-0.5,-1.5,-0.3333333333333333,14.0,15.0,15.0
0.0,1.0,-2.0,1.0,0.0,1.0,0.5,0.5,4.0,1.0,3.0,1.0,0.0,0.0,0.0,0.0,1.0,0.0,1.0,1.0,1.0,0.0,0.0,-1.0,-1.0,-0.5,0.0,-0.5,0.5,0.3333333333333333,14.0,15.0,15.0
0.0,1.0,-2.0,1.0,1.0,1.0,-1.0,-0.5,2.0,0.0,1.0,0.0,0.0,0.0,0.0,1.0,1.0,0.0,1.0,1.0,1.0,1.0,0.0,0.0,0.0,-0.5,0.0,-0.5,0.5,0.0,9.0,10.0,9.0
0.0,0.0,-1.0,1.0,0.0,1.0,0.5,-0.5,3.0,2.0,0.0,1.0,0.0,0.0,0.0,0.0,1.0,0.0,0.0,1.0,1.0,1.0,0.0,0.0,-1.0,0.0,0.0,-0.5,0.5,0.0,15.0,16.0,16.0
0.0,0.0,-1.0,0.0,0.0,1.0,0.5,0.5,1.0,4.0,2.0,1.0,0.0,0.0,0.0,0.0,1.0,0.0,1.0,1.0,1.0,0.0,0.0,-2.0,1.0,0.5,1.0,0.5,0.0,0.6666666666666666,10.0,11.0,11.0
0.0,0.0,-1.0,1.0,0.0,1.0,-1.0,-1.0,3.0,3.0,0.0,0.0,3.0,-1.0,0.0,1.0,1.0,0.0,1.0,0.0,1.0,1.0,1.0,1.0,2.0,1.0,4.0,1.5,0.5,0.6666666666666666,10.0,8.0,11.0
0.0,0.0,-1.0,1.0,1.0,1.0,-1.0,-0.5,2.0,3.0,3.0,0.0,0.0,0.0,0.0,1.0,0.0,0.0,1.0,1.0,1.0,1.0,0.0,0.0,1.0,0.0,0.0,-0.5,-1.5,0.3333333333333333,8.0,10.0,9.0
0.0,0.0,-1.0,1.0,0.0,1.0,0.5,0.0,4.0,1.0,1.0,1.0,0.0,1.0,0.0,1.0,1.0,1.0,1.0,1.0,1.0,1.0,0.0,-1.0,1.0,0.5,1.0,1.0,0.0,0.0,10.0,9.0,9.0
0.0,0.0,-2.0,1.0,1.0,1.0,0.5,0.0,3.0,3.0,3.0,0.0,0.0,0.0,0.0,1.0,0.0,0.0,1.0,1.0,1.0,1.0,1.0,0.0,1.0,0.5,1.0,1.0,-1.0,-0.3333333333333333,10.0,10.0,10.0
0.0,0.0,-1.0,1.0,1.0,1.0,0.5,0.0,4.0,3.0,0.0,1.0,2.0,0.0,0.0,0.0,1.0,0.0,1.0,1.0,1.0,1.0,0.0,1.0,1.0,0.0,0.0,0.0,-1.5,0.0,16.0,15.0,15.0
0.0,1.0,-2.0,1.0,0.0,0.0,0.5,0.5,2.0,3.0,3.0,1.0,0.0,2.0,0.0,0.0,1.0,0.0,1.0,0.0,1.0,1.0,1.0,-3.0,0.0,0.0,4.0,1.5,-0.5,0.3333333333333333,13.0,13.0,12.0
0.0,0.0,-1.0,1.0,0.0,1.0,0.0,-1.0,3.0,2.0,0.0,1.0,0.0,2.0,0.0,1.0,1.0,1.0,0.0,1.0,1.0,1.0,0.0,0.0,0.0,0.0,0.0,0.0,0.5,0.3333333333333333,7.0,7.0,6.0
0.0,0.0,-2.0,0.0,1.0,1.0,-0.5,-0.5,1.0,3.0,3.0,1.0,1.0,0.0,0.0,1.0,1.0,1.0,0.0,1.0,1.0,1.0,0.0,0.0,-2.0,0.0,0.0,0.5,0.0,0.0,8.0,9.0,8.0
0.0,0.0,-2.0,0.0,1.0,1.0,0.0,-1.0,2.0,2.0,3.0,0.0,1.0,2.0,0.0,0.0,1.0,0.0,0.0,0.0,1.0,1.0,0.0,0.0,1.0,-0.5,1.0,0.5,-0.5,1.6666666666666667,16.0,16.0,16.0
0.0,1.0,-1.0,1.0,0.0,1.0,0.0,-1.0,2.0,2.0,3.0,0.0,1.0,2.0,0.0,0.0,1.0,1.0,0.0,1.0,1.0,1.0,0.0,0.0,0.0,-0.5,0.0,-0.5,0.5,-0.3333333333333333,13.0,15.0,15.0
0.0,1.0,-2.0,1.0,0.0,1.0,0.5,-0.5,2.0,2.0,0.0,1.0,0.0,2.0,0.0,0.0,0.0,0.0,0.0,1.0,1.0,1.0,0.0,-1.0,0.0,0.0,0.0,-0.5,-0.5,-0.3333333333333333,10.0,10.0,10.0
0.0,0.0,-2.0,0.0,0.0,1.0,-1.0,-1.0,2.0,2.0,3.0,1.0,0.0,0.0,2.0,1.0,1.0,0.0,0.0,0.0,1.0,1.0,1.0,-1.0,0.0,0.5,1.0,1.0,0.5,0.0,8.0,6.0,5.0
0.0,1.0,-1.0,1.0,0.0,1.0,0.0,-1.0,2.0,2.0,3.0,1.0,0.0,-1.0,0.0,0.0,0.0,0.0,1.0,1.0,1.0,0.0,0.0,1.0,0.0,-0.5,1.0,0.0,0.5,0.0,12.0,12.0,14.0
0.0,0.0,-1.0,1.0,0.0,1.0,0.0,0.0,2.0,3.0,1.0,1.0,0.0,0.0,0.0,1.0,1.0,1.0,1.0,1.0,1.0,1.0,0.0,0.0,0.0,0.0,1.0,1.0,0.5,8.666666666666666,11.0,12.0,11.0
0.0,1.0,-2.0,1.0,0.0,1.0,0.5,0.0,4.0,2.0,1.0,1.0,0.0,0.0,0.0,0.0,1.0,1.0,1.0,1.0,1.0,1.0,0.0,0.0,0.0,0.0,1.0,0.5,0.5,0.6666666666666666,9.0,9.0,10.0
0.0,1.0,-2.0,1.0,0.0,1.0,0.5,-1.5,4.0,2.0,0.0,1.0,1.0,2.0,0.0,0.0,0.0,0.0,1.0,1.0,1.0,1.0,0.0,-1.0,1.0,0.0,0.0,-0.5,-1.5,1.0,11.0,11.0,10.0
0.0,0.0,-1.0,1.0,0.0,1.0,-0.5,-0.5,2.0,2.0,3.0,1.0,0.0,2.0,0.0,0.0,0.0,1.0,0.0,1.0,1.0,1.0,1.0,1.0,-1.0,0.0,0.0,0.5,-0.5,-0.3333333333333333,11.0,11.0,11.0
0.0,1.0,0.0,1.0,0.0,1.0,-0.5,-1.0,2.0,2.0,1.0,1.0,1.0,-1.0,3.0,1.0,1.0,0.0,1.0,1.0,0.0,1.0,0.0,0.0,2.0,-1.0,0.0,-0.5,-0.5,0.0,8.0,8.0,10.0
0.0,1.0,0.0,1.0,0.0,1.0,-0.5,-1.0,2.0,2.0,1.0,1.0,1.0,-1.0,3.0,1.0,1.0,0.0,1.0,1.0,0.0,1.0,0.0,0.0,2.0,-1.0,0.0,-0.5,-0.5,0.0,8.0,8.0,10.0
0.0,1.0,0.0,1.0,0.0,1.0,-0.5,-1.0,2.0,2.0,1.0,1.0,0.0,-1.0,3.0,0.0,1.0,0.0,0.0,1.0,1.0,1.0,0.0,1.0,1.0,1.0,0.0,0.0,0.5,-0.3333333333333333,5.0,0.0,0.0
0.0,1.0,0.0,1.0,0.0,1.0,-0.5,-1.0,2.0,2.0,1.0,1.0,0.0,-1.0,3.0,0.0,1.0,0.0,0.0,1.0,1.0,1.0,0.0,1.0,1.0,1.0,0.0,0.0,0.5,-0.3333333333333333,5.0,0.0,0.0
0.0,0.0,-1.0,1.0,0.0,1.0,0.0,0.5,0.0,2.0,0.0,1.0,0.0,0.0,0.0,0.0,1.0,0.0,0.0,1.0,1.0,1.0,0.0,-2.0,1.0,0.0,0.0,0.0,-0.5,1.6666666666666667,5.0,5.0,5.0
0.0,1.0,-2.0,1.0,0.0,1.0,-0.5,0.0,2.0,3.0,0.0,0.0,0.0,-1.0,0.0,1.0,1.0,1.0,1.0,0.0,1.0,1.0,1.0,-1.0,-1.0,-0.5,0.0,0.5,-0.5,0.0,10.0,12.0,12.0
0.0,1.0,-2.0,1.0,0.0,1.0,-0.5,0.0,2.0,2.0,1.0,1.0,0.0,1.0,0.0,1.0,0.0,1.0,0.0,0.0,1.0,1.0,0.0,1.0,0.0,-0.5,0.0,0.0,0.5,0.3333333333333333,11.0,10.0,11.0
0.0,0.0,-2.0,1.0,1.0,1.0,0.0,-0.5,3.0,2.0,3.0,1.0,0.0,0.0,0.0,0.0,1.0,1.0,0.0,1.0,1.0,1.0,0.0,0.0,1.0,0.5,0.0,-0.5,0.5,1.3333333333333333,7.0,6.0,6.0
0.0,1.0,-2.0,1.0,1.0,1.0,-0.5,-0.5,3.0,3.0,1.0,1.0,1.0,0.0,0.0,0.0,0.0,1.0,1.0,1.0,1.0,1.0,0.0,1.0,0.0,0.0,0.0,0.5,0.0,0.3333333333333333,15.0,15.0,15.0
0.0,0.0,-2.0,1.0,0.0,1.0,-1.0,-1.0,2.0,2.0,1.0,0.0,0.0,0.0,0.0,0.0,1.0,0.0,1.0,0.0,1.0,1.0,0.0,0.0,0.0,-0.5,1.0,0.5,0.0,0.0,9.0,10.0,10.0
0.0,0.0,-2.0,1.0,0.0,1.0,0.5,0.5,3.0,3.0,3.0,0.0,1.0,0.0,2.0,0.0,0.0,1.0,0.0,1.0,1.0,1.0,1.0,0.0,1.0,0.5,1.0,0.5,0.5,0.6666666666666666,7.0,9.0,8.0
0.0,0.0,-1.0,1.0,1.0,1.0,-0.5,-0.5,0.0,2.0,0.0,1.0,0.0,0.0,0.0,0.0,1.0,0.0,0.0,1.0,1.0,0.0,0.0,0.0,0.0,0.5,0.0,0.0,-1.0,0.3333333333333333,8.0,7.0,6.0
0.0,0.0,-2.0,1.0,0.0,1.0,0.5,-0.5,2.0,2.0,3.0,1.0,0.0,1.0,0.0,0.0,1.0,0.0,1.0,1.0,1.0,1.0,0.0,1.0,0.0,0.0,0.0,0.5,-1.5,0.3333333333333333,13.0,14.0,14.0
0.0,1.0,-1.0,1.0,0.0,1.0,-0.5,-0.5,3.0,2.0,3.0,0.0,1.0,0.0,1.0,0.0,0.0,1.0,1.0,0.0,1.0,1.0,0.0,0.0,1.0,-0.5,0.0,-0.5,-0.5,1.6666666666666667,11.0,10.0,10.0
0.0,1.0,-1.0,1.0,1.0,0.0,0.5,0.5,4.0,1.0,3.0,1.0,0.0,0.0,0.0,0.0,1.0,0.0,0.0,1.0,1.0,0.0,0.0,0.0,-2.0,0.0,2.0,1.5,0.5,2.6666666666666665,8.0,6.0,7.0
0.0,0.0,-1.0,1.0,0.0,1.0,0.0,0.0,2.0,2.0,1.0,1.0,0.0,1.0,0.0,0.0,1.0,1.0,0.0,1.0,1.0,1.0,1.0,0.0,0.0,0.0,0.0,0.5,0.0,-0.3333333333333333,7.0,7.0,8.0
0.0,0.0,-2.0,1.0,0.0,1.0,0.5,0.0,3.0,2.0,3.0,1.0,0.0,-1.0,0.0,0.0,0.0,1.0,1.0,1.0,1.0,1.0,0.0,0.0,2.0,1.0,0.0,0.5,-1.5,0.3333333333333333,16.0,17.0,18.0
0.0,0.0,-1.0,1.0,1.0,1.0,0.0,-1.0,2.0,2.0,1.0,0.0,0.0,0.0,0.0,1.0,1.0,0.0,0.0,1.0,1.0,0.0,0.0,-1.0,0.0,0.0,1.0,0.5,-1.0,0.3333333333333333,7.0,6.0,6.0
0.0,0.0,-1.0,1.0,0.0,1.0,0.5,-0.5,4.0,3.0,1.0,1.0,1.0,0.0,0.0,0.0,1.0,1.0,1.0,1.0,1.0,1.0,0.0,1.0,0.0,0.0,0.0,-0.5,-1.5,-0.3333333333333333,11.0,10.0,10.0
0.0,1.0,-2.0,1.0,1.0,1.0,-0.5,-0.5,3.0,1.0,3.0,1.0,0.0,2.0,0.0,0.0,1.0,0.0,1.0,1.0,1.0,1.0,0.0,0.0,0.0,0.5,0.0,-0.5,0.0,0.6666666666666666,11.0,13.0,14.0
0.0,0.0,-2.0,0.0,0.0,1.0,-1.0,-1.0,0.0,2.0,1.0,1.0,1.0,2.0,1.0,1.0,1.0,1.0,1.0,1.0,1.0,1.0,0.0,-1.0,-2.0,-0.5,0.0,-0.5,-1.5,0.0,7.0,10.0,10.0
0.0,1.0,-1.0,0.0,0.0,1.0,0.5,0.0,3.0,2.0,3.0,1.0,1.0,-1.0,0.0,1.0,1.0,0.0,1.0,0.0,1.0,1.0,0.0,-1.0,0.0,0.0,0.0,-0.5,0.0,0.0,11.0,15.0,15.0
0.0,0.0,-1.0,1.0,0.0,1.0,-0.5,-1.0,2.0,2.0,0.0,1.0,0.0,0.0,0.0,0.0,1.0,1.0,0.0,1.0,1.0,0.0,1.0,0.0,0.0,1.0,0.0,-0.5,0.5,0.0,8.0,9.0,10.0
0.0,0.0,-1.0,1.0,0.0,1.0,0.5,0.5,2.0,2.0,3.0,1.0,0.0,-1.0,0.0,0.0,0.0,0.0,1.0,0.0,1.0,1.0,0.0,1.0,0.0,0.5,0.0,0.0,-1.5,0.6666666666666666,11.0,14.0,14.0
0.0,0.0,-1.0,1.0,0.0,1.0,0.5,0.0,2.0,0.0,0.0,1.0,0.0,1.0,0.0,1.0,1.0,1.0,0.0,1.0,1.0,1.0,0.0,1.0,0.0,1.0,0.0,-0.5,-0.5,-0.3333333333333333,7.0,9.0,8.0
0.0,1.0,-1.0,1.0,0.0,1.0,0.5,0.5,3.0,3.0,2.0,1.0,0.0,-1.0,0.0,1.0,1.0,1.0,1.0,1.0,1.0,1.0,0.0,0.0,2.0,1.0,4.0,1.5,0.0,2.0,7.0,7.0,5.0
0.0,1.0,-1.0,1.0,0.0,1.0,0.5,0.5,3.0,4.0,2.0,0.0,0.0,1.0,0.0,0.0,1.0,0.0,1.0,1.0,1.0,1.0,1.0,0.0,1.0,0.0,0.0,-0.5,0.0,-0.3333333333333333,16.0,17.0,17.0
0.0,1.0,-2.0,1.0,0.0,1.0,0.5,0.5,3.0,2.0,0.0,1.0,0.0,-1.0,0.0,0.0,1.0,0.0,1.0,0.0,1.0,1.0,0.0,1.0,0.0,0.0,0.0,-0.5,0.5,0.3333333333333333,10.0,13.0,14.0
0.0,0.0,-2.0,1.0,0.0,1.0,0.0,-0.5,3.0,2.0,1.0,1.0,1.0,0.0,0.0,1.0,1.0,1.0,0.0,1.0,1.0,1.0,0.0,0.0,0.0,1.0,0.0,-0.5,-1.0,4.0,7.0,6.0,6.0
0.0,1.0,-2.0,1.0,0.0,0.0,0.0,0.5,3.0,2.0,0.0,1.0,0.0,0.0,0.0,0.0,1.0,1.0,1.0,1.0,1.0,1.0,0.0,1.0,1.0,0.5,0.0,-0.5,-1.5,-0.3333333333333333,16.0,18.0,18.0
0.0,0.0,-2.0,1.0,0.0,0.0,0.0,0.0,2.0,1.0,3.0,0.0,0.0,2.0,0.0,1.0,0.0,0.0,0.0,1.0,1.0,0.0,0.0,0.0,0.0,0.0,0.0,-0.5,0.0,1.3333333333333333,10.0,11.0,11.0
0.0,0.0,-2.0,1.0,0.0,1.0,-0.5,-0.5,2.0,2.0,0.0,1.0,0.0,2.0,0.0,1.0,1.0,1.0,0.0,1.0,1.0,1.0,0.0,1.0,-2.0,-0.5,0.0,-0.5,-0.5,1.0,7.0,8.0,8.0
0.0,1.0,-1.0,1.0,0.0,1.0,0.0,0.0,3.0,2.0,1.0,0.0,0.0,1.0,0.0,0.0,1.0,0.0,1.0,1.0,1.0,1.0,0.0,1.0,0.0,0.0,0.0,-0.5,0.5,0.0,16.0,18.0,18.0
0.0,1.0,-1.0,1.0,0.0,1.0,0.0,0.0,3.0,2.0,1.0,0.0,0.0,1.0,0.0,0.0,1.0,0.0,1.0,1.0,1.0,1.0,0.0,1.0,0.0,0.0,0.0,-0.5,0.5,0.0,16.0,18.0,18.0
0.0,1.0,-1.0,1.0,0.0,1.0,0.0,0.0,3.0,2.0,1.0,1.0,0.0,0.0,0.0,0.0,0.0,1.0,1.0,1.0,1.0,1.0,1.0,0.0,-1.0,0.0,0.0,0.0,-0.5,0.0,12.0,13.0,12.0
0.0,1.0,-1.0,1.0,0.0,1.0,0.0,0.0,3.0,2.0,1.0,1.0,0.0,0.0,0.0,0.0,0.0,1.0,1.0,1.0,1.0,1.0,1.0,0.0,-1.0,0.0,0.0,0.0,-0.5,0.0,12.0,13.0,12.0
0.0,1.0,-2.0,0.0,0.0,1.0,0.5,0.5,2.0,2.0,1.0,0.0,3.0,2.0,0.0,0.0,1.0,1.0,1.0,1.0,1.0,1.0,1.0,-3.0,0.0,1.0,2.0,1.5,-1.5,0.6666666666666666,10.0,13.0,13.0
0.0,0.0,-1.0,1.0,1.0,1.0,0.5,0.5,1.0,1.0,2.0,1.0,0.0,1.0,0.0,0.0,1.0,1.0,1.0,1.0,1.0,1.0,1.0,1.0,1.0,1.0,0.0,-0.5,0.0,0.3333333333333333,14.0,15.0,16.0
0.0,1.0,-2.0,1.0,1.0,0.0,0.5,0.5,4.0,4.0,0.0,1.0,0.0,-1.0,0.0,0.0,0.0,0.0,1.0,1.0,1.0,1.0,0.0,1.0,2.0,0.0,0.0,-0.5,0.0,0.6666666666666666,18.0,19.0,19.0
0.0,0.0,-1.0,0.0,0.0,1.0,0.0,0.0,3.0,2.0,3.0,0.0,0.0,1.0,1.0,1.0,1.0,0.0,1.0,1.0,1.0,1.0,0.0,0.0,-2.0,-0.5,0.0,-0.5,-1.0,-0.3333333333333333,7.0,10.0,10.0
0.0,0.0,-1.0,1.0,0.0,1.0,-0.5,-0.5,0.0,2.0,1.0,1.0,0.0,0.0,1.0,1.0,0.0,0.0,1.0,1.0,1.0,1.0,0.0,-1.0,-2.0,-0.5,0.0,-0.5,0.5,0.6666666666666666,10.0,13.0,13.0
0.0,1.0,-2.0,1.0,1.0,1.0,0.5,-0.5,4.0,2.0,0.0,1.0,0.0,-1.0,0.0,0.0,0.0,0.0,0.0,1.0,1.0,1.0,0.0,-1.0,2.0,-0.5,0.0,-0.5,-0.5,1.3333333333333333,18.0,19.0,19.0
0.0,1.0,-2.0,0.0,0.0,1.0,-0.5,-1.0,1.0,3.0,3.0,1.0,0.0,0.0,0.0,0.0,0.0,0.0,1.0,1.0,1.0,1.0,1.0,1.0,1.0,-0.5,0.0,-0.5,0.5,1.0,9.0,9.0,9.0
0.0,1.0,-1.0,1.0,0.0,1.0,0.5,0.5,4.0,4.0,0.0,0.0,0.0,0.0,0.0,0.0,1.0,0.0,1.0,1.0,1.0,1.0,0.0,1.0,1.0,0.5,0.0,0.0,0.5,0.0,15.0,15.0,16.0
0.0,1.0,-1.0,1.0,0.0,1.0,0.5,0.5,4.0,4.0,0.0,0.0,0.0,0.0,0.0,0.0,1.0,0.0,1.0,1.0,1.0,1.0,0.0,1.0,1.0,0.5,0.0,0.0,0.5,0.0,15.0,15.0,16.0
0.0,1.0,-1.0,1.0,0.0,1.0,0.5,0.5,4.0,4.0,0.0,1.0,0.0,-1.0,0.0,0.0,1.0,0.0,0.0,1.0,0.0,1.0,1.0,-1.0,0.0,-0.5,1.0,-0.5,0.5,-0.3333333333333333,7.0,6.0,0.0
0.0,1.0,-1.0,1.0,0.0,1.0,0.5,0.5,4.0,4.0,0.0,1.0,0.0,-1.0,0.0,0.0,1.0,0.0,0.0,1.0,0.0,1.0,1.0,-1.0,0.0,-0.5,1.0,-0.5,0.5,-0.3333333333333333,7.0,6.0,0.0
0.0,1.0,-2.0,1.0,0.0,1.0,0.5,0.5,2.0,4.0,3.0,0.0,1.0,0.0,0.0,0.0,1.0,0.0,1.0,1.0,1.0,0.0,0.0,0.0,1.0,0.0,0.0,-0.5,-1.0,0.0,11.0,13.0,14.0
0.0,1.0,-1.0,1.0,0.0,1.0,0.0,0.0,2.0,3.0,1.0,0.0,1.0,-1.0,0.0,0.0,0.0,0.0,1.0,1.0,1.0,1.0,0.0,1.0,1.0,-0.5,0.0,-0.5,0.5,-0.3333333333333333,13.0,14.0,13.0
0.0,1.0,0.0,0.0,0.0,1.0,-1.0,0.0,2.0,2.0,0.0,0.0,2.0,0.0,1.0,0.0,1.0,0.0,1.0,1.0,1.0,1.0,0.0,1.0,-1.0,0.5,0.0,1.0,0.5,3.0,9.0,7.0,8.0
0.0,1.0,-2.0,1.0,0.0,1.0,0.0,0.5,2.0,2.0,3.0,0.0,0.0,-1.0,0.0,0.0,0.0,0.0,0.0,1.0,1.0,1.0,0.0,-1.0,1.0,0.0,0.0,0.0,0.0,0.6666666666666666,14.0,13.0,13.0
0.0,0.0,-2.0,1.0,0.0,1.0,-1.0,-0.5,0.0,3.0,0.0,1.0,0.0,0.0,0.0,0.0,0.0,0.0,0.0,0.0,1.0,1.0,0.0,-1.0,-1.0,0.0,0.0,0.0,-1.5,0.0,16.0,15.0,15.0
0.0,1.0,-2.0,1.0,0.0,1.0,-0.5,-0.5,3.0,3.0,1.0,0.0,0.0,2.0,0.0,0.0,1.0,1.0,1.0,1.0,1.0,1.0,0.0,1.0,2.0,0.5,0.0,0.0,0.5,0.6666666666666666,16.0,14.0,15.0
0.0,0.0,-1.0,1.0,1.0,1.0,-0.5,0.5,2.0,1.0,0.0,0.0,1.0,0.0,0.0,0.0,1.0,1.0,1.0,1.0,1.0,1.0,1.0,0.0,-1.0,-0.5,0.0,0.0,0.5,0.0,13.0,13.0,13.0
0.0,1.0,-1.0,1.0,0.0,1.0,0.5,0.5,1.0,2.0,0.0,1.0,0.0,-1.0,0.0,0.0,1.0,0.0,1.0,1.0,1.0,1.0,0.0,-1.0,1.0,0.5,0.0,1.0,0.5,2.6666666666666665,14.0,11.0,13.0
0.0,0.0,-1.0,1.0,0.0,1.0,-0.5,-0.5,2.0,2.0,1.0,1.0,0.0,0.0,0.0,0.0,0.0,1.0,0.0,1.0,1.0,1.0,1.0,1.0,1.0,0.5,0.0,-0.5,0.5,-0.3333333333333333,8.0,7.0,8.0
0.0,1.0,-2.0,1.0,0.0,1.0,0.0,0.5,3.0,3.0,1.0,0.0,0.0,-1.0,0.0,1.0,0.0,0.0,0.0,1.0,1.0,1.0,0.0,1.0,2.0,1.0,2.0,0.0,0.5,-0.3333333333333333,13.0,13.0,12.0
0.0,0.0,-2.0,1.0,1.0,0.0,0.0,0.5,2.0,2.0,1.0,1.0,0.0,0.0,0.0,1.0,0.0,0.0,1.0,1.0,1.0,1.0,1.0,1.0,0.0,-0.5,0.0,-0.5,-1.5,-0.3333333333333333,7.0,10.0,11.0
0.0,0.0,2.0,1.0,0.0,1.0,-1.5,-1.0,0.0,2.0,0.0,2.0,0.0,0.0,3.0,0.0,1.0,0.0,0.0,0.0,0.0,0.0,0.0,-1.0,1.0,-0.5,0.0,-0.5,0.5,0.0,7.0,8.0,9.0
0.0,1.0,-1.0,0.0,0.0,1.0,0.5,0.5,4.0,4.0,0.0,1.0,0.0,-1.0,0.0,0.0,0.0,1.0,1.0,1.0,1.0,1.0,0.0,-1.0,2.0,1.0,1.0,1.5,0.0,1.0,18.0,18.0,18.0
0.0,0.0,-2.0,0.0,0.0,1.0,0.0,0.5,3.0,4.0,0.0,0.0,1.0,1.0,2.0,0.0,1.0,0.0,0.0,1.0,1.0,1.0,1.0,0.0,-1.0,-0.5,1.0,0.0,0.5,-0.3333333333333333,12.0,0.0,0.0
0.0,0.0,-2.0,1.0,0.0,1.0,-1.0,-1.0,0.0,2.0,0.0,1.0,2.0,-1.0,0.0,0.0,1.0,0.0,1.0,0.0,1.0,1.0,1.0,0.0,0.0,0.0,0.0,0.0,0.0,-0.3333333333333333,8.0,0.0,0.0
0.0,0.0,0.0,1.0,1.0,1.0,-0.5,-0.5,2.0,2.0,0.0,0.0,0.0,-1.0,0.0,0.0,1.0,0.0,0.0,1.0,1.0,1.0,1.0,-1.0,1.0,0.5,0.0,0.5,0.5,1.6666666666666667,10.0,13.0,12.0
0.0,0.0,-1.0,1.0,0.0,0.0,0.0,0.5,3.0,2.0,0.0,0.0,0.0,-1.0,0.0,0.0,0.0,0.0,0.0,1.0,1.0,1.0,0.0,-1.0,-1.0,-1.0,0.0,1.0,0.5,2.3333333333333335,12.0,11.0,11.0
0.0,1.0,-2.0,0.0,0.0,1.0,0.0,0.5,0.0,4.0,0.0,1.0,3.0,0.0,0.0,0.0,1.0,0.0,0.0,1.0,1.0,0.0,1.0,1.0,0.0,0.0,0.0,-0.5,0.5,-0.3333333333333333,9.0,0.0,0.0
0.0,0.0,-2.0,1.0,0.0,1.0,0.5,0.5,3.0,0.0,0.0,1.0,0.0,1.0,0.0,0.0,1.0,0.0,1.0,1.0,1.0,1.0,1.0,0.0,0.0,0.0,0.0,-0.5,0.5,-0.3333333333333333,11.0,0.0,0.0
0.0,1.0,0.0,0.0,0.0,1.0,0.0,0.5,0.0,2.0,0.0,1.0,2.0,0.0,0.0,0.0,0.0,0.0,0.0,1.0,1.0,0.0,0.0,1.0,1.0,1.0,1.0,1.0,0.5,-0.3333333333333333,10.0,0.0,0.0
0.0,0.0,-1.0,1.0,0.0,0.0,0.0,0.0,2.0,2.0,0.0,2.0,1.0,-1.0,2.0,0.0,1.0,0.0,1.0,0.0,1.0,1.0,1.0,0.0,0.0,-0.5,0.0,-0.5,0.5,-0.3333333333333333,4.0,0.0,0.0
0.0,1.0,-1.0,1.0,1.0,1.0,-1.0,-1.0,3.0,2.0,0.0,1.0,0.0,0.0,1.0,0.0,0.0,0.0,0.0,1.0,1.0,0.0,1.0,0.0,1.0,0.5,0.0,0.5,0.5,-0.3333333333333333,14.0,12.0,12.0
0.0,0.0,-2.0,1.0,0.0,1.0,0.5,0.5,4.0,4.0,0.0,1.0,1.0,-1.0,0.0,0.0,0.0,0.0,1.0,1.0,1.0,1.0,0.0,0.0,0.0,-0.5,0.0,-0.5,0.5,-0.3333333333333333,16.0,16.0,15.0
0.0,1.0,-2.0,1.0,0.0,1.0,0.5,0.0,4.0,3.0,0.0,0.0,1.0,2.0,0.0,1.0,1.0,0.0,0.0,1.0,1.0,1.0,0.0,-2.0,-1.0,-0.5,0.0,-0.5,-0.5,-0.3333333333333333,7.0,9.0,0.0
0.0,1.0,-1.0,1.0,1.0,1.0,-0.5,-0.5,3.0,3.0,3.0,0.0,1.0,-1.0,2.0,0.0,1.0,0.0,1.0,1.0,1.0,1.0,0.0,-2.0,0.0,0.0,1.0,0.0,-1.0,1.0,9.0,9.0,9.0
0.0,0.0,-2.0,1.0,0.0,1.0,0.5,0.5,4.0,3.0,0.0,1.0,0.0,1.0,0.0,0.0,1.0,1.0,1.0,1.0,1.0,1.0,0.0,0.0,-1.0,-0.5,0.0,-0.5,0.5,0.0,9.0,11.0,11.0
0.0,0.0,-1.0,1.0,1.0,1.0,-1.0,-1.0,0.0,0.0,0.0,1.0,0.0,-1.0,0.0,0.0,0.0,0.0,0.0,1.0,1.0,1.0,0.0,-1.0,1.0,0.5,2.0,0.5,-1.5,0.0,14.0,14.0,13.0
0.0,0.0,-2.0,1.0,0.0,1.0,-1.0,-1.0,2.0,3.0,0.0,0.0,0.0,0.0,0.0,0.0,1.0,1.0,0.0,1.0,1.0,1.0,0.0,0.0,1.0,-0.5,0.0,0.0,0.5,-0.3333333333333333,8.0,11.0,11.0
0.0,0.0,-2.0,1.0,0.0,1.0,0.0,-0.5,1.0,3.0,1.0,0.0,0.0,0.0,3.0,0.0,1.0,0.0,0.0,1.0,1.0,1.0,0.0,-1.0,0.0,-0.5,0.0,-0.5,-0.5,-0.3333333333333333,6.0,7.0,0.0
0.0,0.0,-2.0,1.0,0.0,1.0,-1.0,-0.5,0.0,2.0,0.0,1.0,0.0,0.0,0.0,0.0,1.0,1.0,0.0,0.0,1.0,1.0,0.0,0.0,0.0,-0.5,0.0,-0.5,0.5,0.0,10.0,11.0,11.0
0.0,1.0,-2.0,1.0,1.0,0.0,-0.5,-1.0,3.0,2.0,0.0,1.0,3.0,-1.0,3.0,0.0,0.0,0.0,0.0,1.0,1.0,1.0,0.0,0.0,2.0,1.0,1.0,1.5,0.5,-0.3333333333333333,8.0,9.0,10.0
0.0,1.0,1.0,1.0,1.0,1.0,-1.0,-1.0,2.0,2.0,0.0,1.0,0.0,-1.0,3.0,0.0,0.0,0.0,0.0,1.0,0.0,1.0,1.0,-2.0,0.0,1.0,1.0,1.5,0.0,-0.3333333333333333,6.0,5.0,0.0
0.0,1.0,-1.0,1.0,1.0,1.0,-0.5,-1.0,0.0,2.0,0.0,1.0,0.0,-1.0,1.0,0.0,0.0,0.0,1.0,1.0,1.0,0.0,1.0,0.0,1.0,0.5,2.0,1.5,0.5,0.6666666666666666,12.0,13.0,14.0
0.0,0.0,-2.0,0.0,0.0,1.0,0.0,0.0,3.0,3.0,3.0,2.0,1.0,1.0,2.0,0.0,1.0,1.0,1.0,1.0,1.0,1.0,1.0,0.0,-1.0,-1.0,1.0,0.5,-0.5,1.0,10.0,10.0,10.0
0.0,1.0,2.0,1.0,0.0,1.0,0.0,-0.5,3.0,0.0,1.0,1.0,0.0,-1.0,3.0,0.0,1.0,0.0,0.0,1.0,0.0,1.0,1.0,0.0,2.0,0.5,0.0,-0.5,0.0,-0.3333333333333333,5.0,0.0,0.0
0.0,0.0,0.0,1.0,0.0,1.0,0.5,0.5,2.0,4.0,0.0,1.0,0.0,-1.0,0.0,1.0,1.0,0.0,0.0,1.0,1.0,0.0,1.0,0.0,-1.0,-1.0,0.0,-0.5,0.0,-0.3333333333333333,11.0,11.0,12.0
0.0,1.0,-2.0,0.0,0.0,1.0,-0.5,0.0,0.0,3.0,0.0,1.0,0.0,0.0,0.0,1.0,0.0,1.0,1.0,1.0,1.0,0.0,0.0,0.0,1.0,0.5,0.0,-0.5,-1.5,0.0,11.0,8.0,8.0
0.0,1.0,0.0,0.0,1.0,1.0,-1.0,-0.5,2.0,2.0,3.0,1.0,0.0,-1.0,0.0,0.0,0.0,0.0,0.0,1.0,1.0,0.0,0.0,-2.0,-1.0,-0.5,2.0,0.5,0.5,1.0,16.0,12.0,13.0
0.0,0.0,1.0,0.0,0.0,1.0,-1.0,-1.0,0.0,2.0,0.0,1.0,2.0,-1.0,3.0,0.0,1.0,0.0,1.0,0.0,1.0,0.0,0.0,1.0,-1.0,1.0,0.0,1.5,0.0,0.6666666666666666,9.0,8.0,10.0
0.0,1.0,-1.0,0.0,0.0,1.0,-0.5,-0.5,0.0,2.0,0.0,1.0,2.0,-1.0,0.0,0.0,0.0,0.0,0.0,0.0,1.0,0.0,0.0,0.0,-1.0,-0.5,0.0,0.0,-0.5,0.0,17.0,15.0,15.0
0.0,1.0,-1.0,1.0,0.0,1.0,0.0,0.0,2.0,3.0,0.0,0.0,0.0,0.0,1.0,0.0,1.0,1.0,0.0,1.0,1.0,1.0,1.0,0.0,2.0,1.0,3.0,1.0,0.5,0.3333333333333333,10.0,12.0,12.0
0.0,1.0,0.0,0.0,1.0,1.0,-0.5,-1.0,0.0,2.0,0.0,1.0,1.0,-1.0,2.0,0.0,0.0,0.0,1.0,1.0,0.0,1.0,1.0,-1.0,0.0,-0.5,1.0,0.0,0.5,-0.3333333333333333,7.0,6.0,0.0
0.0,1.0,0.0,0.0,1.0,1.0,-1.0,-1.0,2.0,3.0,0.0,1.0,3.0,0.0,3.0,0.0,0.0,0.0,1.0,1.0,0.0,0.0,1.0,1.0,0.0,1.0,0.0,1.5,0.5,-0.3333333333333333,5.0,8.0,7.0
0.0,1.0,-1.0,1.0,0.0,1.0,-0.5,-0.5,2.0,2.0,0.0,0.0,0.0,0.0,0.0,0.0,0.0,0.0,0.0,1.0,0.0,1.0,0.0,0.0,0.0,1.0,1.0,1.0,0.0,0.3333333333333333,10.0,10.0,10.0
0.0,0.0,-1.0,1.0,0.0,1.0,0.5,-0.5,1.0,3.0,1.0,0.0,0.0,0.0,0.0,0.0,0.0,1.0,0.0,1.0,1.0,1.0,1.0,0.0,-1.0,0.0,0.0,-0.5,-0.5,-0.3333333333333333,14.0,15.0,16.0
0.0,0.0,-1.0,1.0,0.0,1.0,-0.5,-0.5,2.0,2.0,1.0,1.0,0.0,0.0,0.0,0.0,1.0,1.0,0.0,0.0,1.0,1.0,0.0,1.0,-2.0,1.0,0.0,-0.5,0.0,-0.3333333333333333,6.0,7.0,0.0
0.0,0.0,-1.0,1.0,0.0,1.0,0.5,0.5,1.0,1.0,3.0,1.0,0.0,0.0,0.0,0.0,1.0,1.0,0.0,1.0,1.0,1.0,1.0,0.0,1.0,-0.5,0.0,-0.5,-0.5,-0.3333333333333333,14.0,14.0,14.0
0.0,1.0,-1.0,1.0,0.0,1.0,0.0,0.5,2.0,2.0,0.0,0.0,2.0,-1.0,2.0,0.0,1.0,0.0,1.0,0.0,1.0,1.0,0.0,-1.0,1.0,1.0,1.0,1.0,-1.0,-0.3333333333333333,6.0,5.0,0.0
0.0,1.0,-1.0,1.0,0.0,1.0,-1.0,-1.5,2.0,2.0,3.0,1.0,1.0,0.0,0.0,0.0,1.0,1.0,1.0,1.0,1.0,1.0,1.0,0.0,0.0,-0.5,0.0,-0.5,-0.5,0.0,13.0,15.0,16.0
0.0,1.0,0.0,1.0,1.0,1.0,0.5,0.5,4.0,2.0,3.0,1.0,0.0,0.0,0.0,0.0,1.0,1.0,1.0,1.0,1.0,1.0,0.0,0.0,1.0,0.5,0.0,0.5,0.5,-0.3333333333333333,13.0,11.0,10.0
0.0,0.0,-1.0,1.0,0.0,1.0,-1.0,0.0,0.0,3.0,1.0,1.0,0.0,0.0,3.0,0.0,0.0,0.0,1.0,0.0,1.0,1.0,1.0,0.0,0.0,1.0,0.0,-0.5,-0.5,-0.3333333333333333,8.0,7.0,0.0
0.0,0.0,-1.0,1.0,1.0,1.0,0.0,0.0,2.0,2.0,3.0,1.0,1.0,0.0,0.0,0.0,1.0,1.0,1.0,1.0,1.0,1.0,0.0,0.0,1.0,1.0,0.0,-0.5,0.0,0.3333333333333333,10.0,11.0,9.0
0.0,1.0,0.0,1.0,1.0,1.0,0.5,0.0,4.0,2.0,0.0,1.0,1.0,0.0,0.0,0.0,0.0,1.0,1.0,1.0,1.0,1.0,0.0,0.0,1.0,0.5,3.0,1.0,0.0,0.3333333333333333,10.0,9.0,9.0
0.0,0.0,-1.0,1.0,0.0,1.0,-0.5,-0.5,3.0,2.0,3.0,1.0,1.0,0.0,0.0,0.0,0.0,1.0,1.0,0.0,1.0,1.0,0.0,-1.0,1.0,0.5,0.0,1.0,0.5,0.0,13.0,13.0,11.0
0.0,1.0,0.0,1.0,0.0,1.0,0.0,0.0,2.0,2.0,3.0,0.0,0.0,0.0,0.0,0.0,0.0,0.0,1.0,0.0,1.0,1.0,0.0,0.0,0.0,0.5,0.0,1.0,0.0,0.3333333333333333,6.0,5.0,6.0
0.0,1.0,-1.0,0.0,0.0,1.0,0.5,-0.5,4.0,3.0,2.0,1.0,0.0,-1.0,0.0,0.0,1.0,0.0,1.0,1.0,1.0,1.0,1.0,0.0,0.0,0.0,2.0,1.0,-0.5,1.3333333333333333,10.0,8.0,9.0
0.0,1.0,0.0,1.0,0.0,1.0,0.5,0.0,2.0,2.0,0.0,1.0,0.0,0.0,0.0,0.0,1.0,0.0,1.0,1.0,1.0,1.0,1.0,1.0,-1.0,0.0,0.0,-0.5,-1.0,0.3333333333333333,10.0,10.0,11.0
0.0,1.0,-1.0,1.0,0.0,1.0,0.5,0.0,4.0,2.0,1.0,1.0,0.0,0.0,0.0,0.0,1.0,1.0,1.0,1.0,1.0,1.0,0.0,-1.0,1.0,0.0,1.0,0.5,-0.5,1.3333333333333333,9.0,8.0,8.0
0.0,0.0,0.0,1.0,0.0,1.0,-0.5,0.5,3.0,3.0,3.0,0.0,0.0,0.0,0.0,0.0,1.0,0.0,1.0,1.0,1.0,0.0,0.0,1.0,1.0,-0.5,1.0,0.5,0.5,-0.3333333333333333,16.0,17.0,17.0
0.0,0.0,0.0,1.0,1.0,1.0,0.0,0.0,2.0,2.0,3.0,1.0,0.0,0.0,0.0,0.0,1.0,0.0,1.0,1.0,1.0,1.0,1.0,1.0,0.0,0.0,1.0,0.5,-1.5,9.0,9.0,9.0,8.0
0.0,0.0,-1.0,1.0,0.0,1.0,0.0,-0.5,2.0,2.0,3.0,1.0,0.0,0.0,0.0,0.0,1.0,1.0,0.0,1.0,1.0,1.0,0.0,-3.0,-1.0,-0.5,0.0,0.0,-1.5,2.0,12.0,13.0,12.0
0.0,1.0,0.0,1.0,0.0,1.0,0.0,0.0,3.0,3.0,2.0,1.0,0.0,0.0,0.0,0.0,1.0,0.0,1.0,1.0,1.0,1.0,1.0,0.0,0.0,0.5,1.0,0.5,0.0,1.6666666666666667,12.0,12.0,11.0
0.0,1.0,-1.0,1.0,0.0,1.0,-1.0,-0.5,3.0,3.0,2.0,1.0,0.0,-1.0,0.0,0.0,1.0,1.0,1.0,1.0,1.0,1.0,1.0,-1.0,0.0,0.0,0.0,0.0,-0.5,0.0,11.0,12.0,11.0
0.0,1.0,-1.0,1.0,1.0,1.0,-0.5,-1.0,2.0,2.0,0.0,1.0,0.0,0.0,0.0,0.0,0.0,1.0,1.0,1.0,1.0,1.0,1.0,0.0,-1.0,0.0,0.0,0.0,0.5,-0.3333333333333333,15.0,15.0,15.0
0.0,0.0,0.0,1.0,0.0,0.0,0.0,0.0,1.0,2.0,3.0,1.0,0.0,0.0,0.0,0.0,1.0,0.0,0.0,0.0,1.0,1.0,1.0,-1.0,0.0,0.0,0.0,0.5,-0.5,0.6666666666666666,8.0,7.0,9.0
0.0,1.0,0.0,0.0,0.0,1.0,-1.0,-0.5,0.0,2.0,1.0,1.0,0.0,0.0,0.0,0.0,0.0,0.0,0.0,1.0,1.0,0.0,0.0,-1.0,-2.0,0.0,0.0,1.5,-0.5,0.3333333333333333,8.0,9.0,10.0
0.0,0.0,-1.0,1.0,0.0,1.0,-0.5,0.0,3.0,3.0,0.0,1.0,0.0,0.0,0.0,0.0,0.0,0.0,0.0,1.0,1.0,1.0,0.0,0.0,0.0,0.0,0.0,-0.5,-1.0,1.3333333333333333,11.0,12.0,13.0
0.0,0.0,0.0,1.0,0.0,1.0,-1.0,-1.0,0.0,3.0,0.0,1.0,0.0,0.0,0.0,0.0,0.0,0.0,1.0,1.0,1.0,1.0,0.0,1.0,0.0,0.0,0.0,-0.5,-0.5,-0.3333333333333333,8.0,8.0,9.0
0.0,1.0,0.0,1.0,0.0,1.0,-1.0,-0.5,0.0,3.0,2.0,2.0,1.0,0.0,0.0,0.0,0.0,1.0,1.0,0.0,1.0,1.0,0.0,0.0,1.0,0.5,3.0,1.5,0.5,1.6666666666666667,7.0,8.0,8.0
0.0,1.0,-1.0,0.0,0.0,1.0,0.0,0.0,3.0,3.0,3.0,1.0,0.0,-1.0,0.0,0.0,1.0,0.0,1.0,1.0,1.0,1.0,0.0,0.0,0.0,-0.5,2.0,1.0,0.5,1.0,8.0,9.0,10.0
0.0,1.0,-1.0,1.0,0.0,1.0,-0.5,0.0,2.0,2.0,1.0,0.0,1.0,-1.0,0.0,0.0,0.0,0.0,0.0,1.0,1.0,1.0,0.0,1.0,0.0,0.0,0.0,-0.5,-0.5,-0.3333333333333333,13.0,14.0,14.0
0.0,0.0,0.0,1.0,1.0,1.0,-0.5,0.5,3.0,3.0,0.0,0.0,0.0,0.0,0.0,0.0,0.0,0.0,1.0,1.0,1.0,1.0,1.0,0.0,0.0,-0.5,0.0,-0.5,0.5,-0.3333333333333333,14.0,15.0,15.0
0.0,1.0,0.0,1.0,0.0,1.0,0.5,0.5,3.0,4.0,1.0,1.0,0.0,-1.0,0.0,0.0,0.0,0.0,0.0,1.0,1.0,1.0,0.0,1.0,-1.0,0.0,0.0,0.0,0.5,0.3333333333333333,17.0,15.0,16.0
0.0,1.0,-1.0,0.0,1.0,1.0,0.0,0.0,4.0,2.0,1.0,0.0,2.0,-1.0,0.0,0.0,1.0,1.0,1.0,1.0,1.0,1.0,0.0,-1.0,0.0,0.5,2.0,1.5,-0.5,1.0,9.0,9.0,10.0
0.0,0.0,0.0,1.0,0.0,1.0,0.5,0.5,3.0,4.0,1.0,1.0,1.0,-1.0,1.0,0.0,1.0,0.0,0.0,1.0,1.0,1.0,0.0,0.0,-1.0,0.5,1.0,0.5,-1.0,3.6666666666666665,18.0,18.0,18.0
0.0,0.0,-1.0,1.0,1.0,1.0,0.5,0.5,4.0,4.0,3.0,1.0,0.0,0.0,0.0,0.0,1.0,1.0,0.0,1.0,1.0,1.0,0.0,0.0,2.0,-0.5,0.0,0.0,-0.5,-0.3333333333333333,9.0,9.0,10.0
0.0,0.0,-1.0,1.0,0.0,1.0,0.5,0.0,1.0,2.0,1.0,1.0,0.0,0.0,0.0,0.0,1.0,0.0,1.0,1.0,1.0,1.0,0.0,0.0,0.0,1.0,0.0,1.5,-1.0,0.0,16.0,16.0,16.0
0.0,0.0,-1.0,1.0,0.0,1.0,-0.5,0.0,2.0,2.0,3.0,1.0,0.0,0.0,0.0,1.0,1.0,1.0,1.0,1.0,1.0,0.0,0.0,0.0,1.0,0.0,0.0,0.5,0.0,0.6666666666666666,8.0,10.0,10.0
0.0,0.0,0.0,1.0,0.0,1.0,-1.0,-1.0,2.0,2.0,0.0,1.0,0.0,0.0,0.0,0.0,1.0,1.0,0.0,0.0,1.0,0.0,0.0,0.0,1.0,0.5,0.0,0.5,-1.5,0.3333333333333333,9.0,9.0,10.0
0.0,0.0,0.0,0.0,0.0,1.0,-0.5,-0.5,2.0,2.0,3.0,1.0,0.0,-1.0,0.0,0.0,1.0,0.0,0.0,1.0,1.0,1.0,0.0,1.0,0.0,-0.5,0.0,0.0,-0.5,2.6666666666666665,7.0,6.0,6.0
0.0,0.0,-1.0,0.0,0.0,1.0,-0.5,-0.5,3.0,3.0,3.0,1.0,1.0,2.0,0.0,0.0,1.0,1.0,1.0,0.0,1.0,1.0,0.0,1.0,0.0,1.0,0.0,-0.5,0.5,0.6666666666666666,10.0,10.0,11.0
0.0,0.0,0.0,1.0,0.0,1.0,0.0,0.5,0.0,3.0,1.0,1.0,0.0,1.0,1.0,0.0,1.0,1.0,0.0,1.0,1.0,1.0,1.0,0.0,1.0,0.0,2.0,1.0,0.5,4.333333333333333,10.0,9.0,9.0
0.0,0.0,-1.0,1.0,0.0,0.0,0.0,-1.0,3.0,2.0,0.0,1.0,0.0,0.0,3.0,0.0,1.0,1.0,0.0,1.0,1.0,1.0,0.0,-2.0,0.0,0.0,1.0,0.0,0.0,0.5,7.0,7.0,7.0
0.0,0.0,-1.0,1.0,0.0,1.0,0.5,0.0,4.0,2.0,2.0,1.0,0.0,0.0,0.0,0.0,0.0,1.0,1.0,1.0,1.0,1.0,1.0,-3.0,0.0,-0.5,0.0,-0.5,-1.5,1.3333333333333333,11.0,12.0,13.0
0.0,0.0,-1.0,1.0,0.0,1.0,-1.0,-1.0,0.0,2.0,1.0,1.0,1.0,-1.0,0.0,0.0,1.0,1.0,0.0,1.0,1.0,0.0,0.0,0.0,0.0,-0.5,0.0,1.0,0.5,0.6666666666666666,9.0,9.0,10.0
0.0,0.0,0.0,0.0,0.0,1.0,0.5,0.0,4.0,2.0,3.0,1.0,1.0,1.0,0.0,0.0,1.0,1.0,1.0,1.0,1.0,1.0,1.0,0.0,1.0,-0.5,0.0,-0.5,0.0,0.6666666666666666,7.0,7.0,7.0
0.0,0.0,2.0,1.0,0.0,1.0,0.0,0.0,2.0,2.0,3.0,2.0,0.0,2.0,0.0,0.0,1.0,1.0,1.0,1.0,1.0,1.0,0.0,0.0,0.0,0.0,0.0,0.0,-0.5,1.3333333333333333,8.0,8.0,8.0
0.0,1.0,0.0,1.0,1.0,1.0,0.5,0.5,3.0,2.0,1.0,1.0,0.0,0.0,0.0,0.0,1.0,1.0,0.0,1.0,1.0,1.0,1.0,1.0,0.0,1.0,3.0,1.5,-0.5,1.8333333333333333,12.0,12.0,13.0
0.0,0.0,-1.0,1.0,0.0,0.0,-0.5,-0.5,2.0,2.0,3.0,1.0,0.0,0.0,0.0,1.0,1.0,1.0,0.0,1.0,1.0,1.0,0.0,-1.0,0.0,0.5,0.0,-0.5,0.0,-0.3333333333333333,12.0,13.0,14.0
0.0,1.0,1.0,1.0,0.0,1.0,-0.5,-0.5,3.0,2.0,1.0,1.0,0.0,0.0,1.0,0.0,1.0,1.0,1.0,1.0,1.0,1.0,0.0,0.0,1.0,0.5,1.0,1.0,0.5,2.1666666666666665,6.0,7.0,8.0
0.0,0.0,0.0,0.0,1.0,1.0,0.5,0.5,3.0,2.0,2.0,1.0,0.0,-1.0,0.0,0.0,1.0,1.0,0.0,1.0,1.0,0.0,0.0,1.0,-1.0,-1.0,0.0,0.0,-0.5,1.6666666666666667,8.0,10.0,10.0
0.0,0.0,0.0,1.0,1.0,1.0,0.0,-0.5,2.0,2.0,3.0,1.0,1.0,0.0,0.0,0.0,0.0,1.0,0.0,1.0,1.0,1.0,0.0,0.0,1.0,0.5,0.0,0.5,-1.5,0.0,14.0,15.0,15.0
0.0,0.0,0.0,1.0,0.0,1.0,0.5,0.0,2.0,2.0,3.0,1.0,0.0,0.0,2.0,0.0,0.0,1.0,0.0,1.0,1.0,1.0,1.0,-1.0,1.0,1.0,1.0,1.0,-1.5,3.3333333333333335,6.0,6.0,4.0
0.0,1.0,1.0,1.0,1.0,1.0,0.0,0.0,3.0,1.0,1.0,0.0,0.0,0.0,1.0,0.0,1.0,1.0,0.0,1.0,1.0,1.0,0.0,-1.0,-1.0,0.5,1.0,1.0,0.0,1.8333333333333333,6.0,6.0,8.0
0.0,0.0,0.0,1.0,0.0,1.0,-0.5,0.0,0.0,2.0,1.0,0.0,1.0,-1.0,0.0,0.0,1.0,1.0,0.0,1.0,1.0,0.0,0.0,-1.0,0.0,0.0,0.0,1.0,-0.5,0.16666666666666666,7.0,7.0,8.0
0.0,0.0,0.0,1.0,0.0,1.0,-0.5,-0.5,0.0,0.0,0.0,1.0,0.0,1.0,0.0,0.0,1.0,1.0,1.0,1.0,1.0,1.0,0.0,0.0,0.0,0.0,0.0,-0.5,0.0,0.3333333333333333,9.0,10.0,10.0
0.0,0.0,0.0,0.0,0.0,1.0,-0.5,-1.0,0.0,3.0,3.0,1.0,1.0,0.0,0.0,0.0,1.0,0.0,1.0,1.0,1.0,1.0,0.0,0.0,-1.0,1.0,0.0,0.0,0.5,0.0,6.0,6.0,6.0
0.0,0.0,0.0,1.0,0.0,1.0,-1.0,-1.0,0.0,2.0,3.0,1.0,0.0,1.0,1.0,0.0,1.0,0.0,1.0,1.0,1.0,0.0,1.0,0.0,0.0,0.5,0.0,-0.5,0.5,-0.3333333333333333,6.0,5.0,0.0
0.0,0.0,-1.0,1.0,0.0,1.0,-0.5,0.0,3.0,4.0,2.0,1.0,0.0,0.0,0.0,1.0,0.0,0.0,0.0,1.0,1.0,1.0,0.0,-2.0,0.0,-1.0,0.0,-0.5,-0.5,0.0,16.0,16.0,17.0
0.0,1.0,1.0,1.0,0.0,1.0,-0.5,-0.5,2.0,2.0,1.0,1.0,1.0,0.0,0.0,0.0,1.0,1.0,0.0,1.0,1.0,1.0,0.0,-1.0,0.0,0.0,4.0,1.5,0.0,-0.3333333333333333,12.0,13.0,13.0
0.0,0.0,-1.0,1.0,0.0,1.0,0.5,0.5,4.0,3.0,1.0,1.0,0.0,1.0,0.0,0.0,1.0,0.0,1.0,0.0,1.0,1.0,0.0,1.0,0.0,-0.5,0.0,-0.5,0.5,-0.3333333333333333,13.0,13.0,14.0
0.0,0.0,1.0,0.0,0.0,1.0,0.0,-1.0,2.0,2.0,3.0,1.0,0.0,0.0,1.0,0.0,0.0,0.0,1.0,1.0,1.0,1.0,1.0,1.0,0.0,0.0,0.0,-0.5,0.0,2.3333333333333335,9.0,8.0,7.0
0.0,0.0,0.0,1.0,0.0,1.0,0.0,-0.5,2.0,2.0,0.0,1.0,0.0,0.0,0.0,0.0,0.0,0.0,1.0,0.0,1.0,1.0,0.0,1.0,0.0,0.5,0.0,0.5,-0.5,1.3333333333333333,16.0,15.0,15.0
0.0,1.0,0.0,1.0,1.0,1.0,-0.5,0.0,3.0,3.0,3.0,0.0,0.0,0.0,0.0,0.0,1.0,1.0,0.0,0.0,1.0,1.0,0.0,1.0,0.0,0.0,0.0,0.5,-0.5,0.0,12.0,11.0,12.0
0.0,1.0,1.0,1.0,1.0,1.0,-0.5,-1.0,0.0,2.0,0.0,1.0,3.0,0.0,0.0,1.0,1.0,1.0,1.0,1.0,1.0,1.0,1.0,0.0,0.0,-0.5,3.0,1.5,-0.5,2.0,10.0,8.0,9.0
0.0,0.0,0.0,1.0,0.0,0.0,-0.5,-1.0,2.0,2.0,0.0,1.0,1.0,1.0,0.0,0.0,0.0,0.0,1.0,1.0,1.0,1.0,1.0,-1.0,-1.0,0.0,0.0,0.0,-0.5,1.3333333333333333,12.0,10.0,12.0
0.0,0.0,0.0,1.0,1.0,1.0,0.5,0.0,1.0,2.0,3.0,0.0,0.0,0.0,0.0,0.0,0.0,0.0,1.0,1.0,1.0,1.0,1.0,-1.0,-1.0,0.0,0.0,0.0,-0.5,2.0,13.0,13.0,14.0
0.0,1.0,0.0,0.0,0.0,1.0,-0.5,-0.5,2.0,2.0,0.0,0.0,1.0,0.0,0.0,0.0,1.0,1.0,1.0,1.0,1.0,1.0,0.0,0.0,2.0,-0.5,0.0,-0.5,-1.5,0.3333333333333333,11.0,11.0,11.0
0.0,1.0,0.0,1.0,0.0,1.0,0.5,0.5,4.0,4.0,3.0,1.0,0.0,0.0,0.0,1.0,1.0,0.0,1.0,1.0,1.0,1.0,1.0,0.0,2.0,1.0,0.0,0.5,-1.0,2.0,11.0,9.0,9.0
0.0,1.0,-1.0,1.0,0.0,1.0,0.5,0.5,1.0,2.0,3.0,0.0,0.0,0.0,0.0,0.0,1.0,1.0,1.0,1.0,1.0,1.0,0.0,0.0,-1.0,0.5,1.0,1.0,-1.5,0.0,14.0,13.0,13.0
0.0,1.0,-1.0,1.0,1.0,1.0,-1.0,-1.0,2.0,2.0,1.0,1.0,1.0,0.0,0.0,0.0,1.0,1.0,0.0,1.0,1.0,1.0,0.0,-1.0,1.0,-0.5,0.0,-0.5,0.5,2.6666666666666665,9.0,7.0,6.0
0.0,1.0,-1.0,1.0,0.0,1.0,0.0,-0.5,0.0,2.0,3.0,1.0,1.0,1.0,0.0,0.0,0.0,0.0,1.0,1.0,1.0,1.0,1.0,1.0,0.0,0.0,0.0,0.5,-1.0,1.3333333333333333,11.0,9.0,10.0
0.0,1.0,0.0,1.0,1.0,1.0,-0.5,-0.5,2.0,2.0,1.0,0.0,0.0,0.0,0.0,0.0,0.0,1.0,1.0,0.0,1.0,1.0,1.0,0.0,1.0,-0.5,4.0,1.5,0.0,0.3333333333333333,14.0,13.0,13.0
0.0,0.0,-1.0,1.0,0.0,1.0,-0.5,-1.0,2.0,2.0,1.0,1.0,0.0,-1.0,0.0,0.0,0.0,0.0,0.0,1.0,1.0,1.0,1.0,0.0,2.0,-0.5,0.0,-0.5,0.5,3.0,13.0,12.0,12.0
0.0,0.0,0.0,0.0,0.0,1.0,-0.5,-1.0,0.0,3.0,0.0,1.0,2.0,0.0,0.0,0.0,0.0,0.0,1.0,1.0,1.0,0.0,0.0,-2.0,-2.0,-1.0,0.0,-0.5,-0.5,0.0,13.0,11.0,11.0
0.0,1.0,1.0,1.0,0.0,1.0,-0.5,-0.5,2.0,3.0,3.0,0.0,0.0,0.0,1.0,0.0,0.0,0.0,0.0,1.0,0.0,1.0,0.0,1.0,2.0,0.5,2.0,1.5,-1.0,-0.3333333333333333,7.0,7.0,0.0
0.0,1.0,0.0,1.0,1.0,1.0,0.5,0.0,1.0,2.0,0.0,1.0,1.0,0.0,0.0,0.0,0.0,0.0,1.0,1.0,1.0,1.0,1.0,-2.0,2.0,1.0,0.0,1.0,0.5,2.0,12.0,12.0,12.0
0.0,1.0,0.0,0.0,1.0,0.0,0.5,0.5,4.0,2.0,0.0,1.0,1.0,0.0,0.0,0.0,1.0,1.0,0.0,1.0,1.0,1.0,0.0,-1.0,0.0,0.0,1.0,0.5,0.0,0.0,10.0,11.0,12.0
0.0,1.0,-1.0,1.0,1.0,1.0,0.5,0.0,4.0,2.0,0.0,1.0,0.0,-1.0,0.0,0.0,0.0,0.0,1.0,0.0,1.0,1.0,0.0,1.0,1.0,1.0,0.0,-0.5,-0.5,-0.3333333333333333,6.0,0.0,0.0
0.0,1.0,-1.0,1.0,0.0,1.0,0.5,0.5,3.0,3.0,0.0,1.0,0.0,-1.0,0.0,0.0,0.0,0.0,1.0,1.0,1.0,1.0,0.0,1.0,0.0,-0.5,0.0,0.0,0.5,-0.3333333333333333,13.0,12.0,12.0
0.0,1.0,-1.0,1.0,0.0,1.0,0.5,0.5,3.0,3.0,0.0,1.0,0.0,-1.0,0.0,0.0,0.0,0.0,1.0,1.0,1.0,1.0,0.0,1.0,0.0,-0.5,0.0,0.0,0.5,-0.3333333333333333,13.0,12.0,12.0
0.0,0.0,1.0,1.0,0.0,1.0,-0.5,-1.0,2.0,2.0,0.0,2.0,1.0,1.0,0.0,0.0,1.0,1.0,0.0,0.0,1.0,1.0,1.0,0.0,1.0,0.5,0.0,-0.5,-0.5,-0.3333333333333333,7.0,0.0,0.0
0.0,1.0,-1.0,1.0,0.0,1.0,-0.5,-1.0,2.0,2.0,0.0,1.0,2.0,-1.0,0.0,0.0,0.0,0.0,0.0,1.0,1.0,1.0,0.0,0.0,0.0,0.0,0.0,-0.5,0.0,0.6666666666666666,18.0,18.0,18.0
0.0,1.0,0.0,1.0,0.0,1.0,-0.5,0.0,2.0,2.0,0.0,0.0,1.0,-1.0,0.0,0.0,0.0,0.0,0.0,1.0,1.0,1.0,0.0,1.0,-1.0,-0.5,0.0,-0.5,-1.0,0.3333333333333333,12.0,12.0,13.0
0.0,1.0,5.0,1.0,0.0,1.0,0.0,-1.0,3.0,3.0,2.0,1.0,0.0,-1.0,3.0,0.0,0.0,0.0,0.0,0.0,0.0,1.0,1.0,1.0,1.0,1.0,4.0,1.5,-1.5,2.3333333333333335,6.0,8.0,8.0
0.0,1.0,1.0,0.0,1.0,1.0,0.0,0.0,2.0,3.0,0.0,1.0,0.0,0.0,1.0,0.0,1.0,0.0,0.0,1.0,1.0,1.0,1.0,0.0,0.0,0.0,0.0,0.5,0.5,1.0,3.0,5.0,5.0
0.0,1.0,-1.0,1.0,0.0,1.0,-1.5,-0.5,2.0,2.0,2.0,1.0,0.0,-1.0,0.0,0.0,0.0,1.0,0.0,0.0,1.0,1.0,0.0,0.0,0.0,-0.5,1.0,1.0,0.5,-0.3333333333333333,13.0,15.0,15.0
0.0,1.0,1.0,1.0,0.0,1.0,0.0,-0.5,3.0,2.0,0.0,1.0,1.0,-1.0,1.0,0.0,0.0,0.0,0.0,1.0,0.0,1.0,0.0,0.0,1.0,1.0,1.0,1.0,0.5,-0.3333333333333333,6.0,8.0,8.0
0.0,1.0,-1.0,1.0,0.0,1.0,0.0,0.0,0.0,2.0,3.0,2.0,2.0,0.0,0.0,1.0,1.0,0.0,0.0,0.0,1.0,1.0,0.0,1.0,0.0,0.0,0.0,0.5,-1.0,0.6666666666666666,7.0,10.0,10.0
0.0,1.0,1.0,1.0,0.0,1.0,-0.5,-1.0,3.0,3.0,2.0,1.0,0.0,-1.0,1.0,0.0,0.0,0.0,0.0,0.0,0.0,1.0,0.0,-1.0,-1.0,1.0,1.0,1.5,0.5,0.3333333333333333,6.0,9.0,8.0
0.0,1.0,-1.0,0.0,0.0,1.0,-0.5,-1.0,2.0,2.0,0.0,1.0,1.0,-1.0,0.0,0.0,0.0,0.0,1.0,0.0,1.0,0.0,0.0,-1.0,0.0,-0.5,0.0,0.5,-0.5,-0.3333333333333333,8.0,9.0,8.0
0.0,1.0,0.0,0.0,0.0,1.0,-0.5,-1.0,2.0,2.0,0.0,1.0,0.0,-1.0,0.0,0.0,0.0,0.0,0.0,0.0,1.0,1.0,0.0,0.0,1.0,-0.5,1.0,1.0,0.5,-0.3333333333333333,8.0,12.0,12.0
0.0,1.0,0.0,1.0,1.0,1.0,-1.0,-1.0,1.0,2.0,0.0,1.0,1.0,-1.0,1.0,0.0,1.0,0.0,1.0,1.0,1.0,1.0,0.0,0.0,1.0,0.5,0.0,0.0,0.5,0.0,7.0,9.0,8.0
0.0,0.0,0.0,1.0,1.0,1.0,0.5,-0.5,4.0,3.0,3.0,1.0,0.0,2.0,0.0,0.0,1.0,1.0,1.0,1.0,1.0,1.0,0.0,0.0,-1.0,0.0,0.0,-0.5,0.0,0.6666666666666666,14.0,12.0,13.0
0.0,1.0,2.0,1.0,1.0,0.0,0.5,0.0,3.0,0.0,3.0,1.0,0.0,0.0,0.0,0.0,1.0,0.0,0.0,1.0,1.0,1.0,0.0,0.0,0.0,-1.0,0.0,-0.5,-1.5,1.6666666666666667,11.0,11.0,11.0
0.0,1.0,1.0,1.0,0.0,1.0,-0.5,-1.0,2.0,2.0,1.0,1.0,0.0,0.0,0.0,0.0,0.0,0.0,1.0,1.0,1.0,1.0,0.0,1.0,-1.0,0.5,0.0,0.0,0.0,1.0,15.0,14.0,14.0
0.0,0.0,0.0,1.0,1.0,1.0,-0.5,-0.5,3.0,3.0,0.0,0.0,0.0,2.0,0.0,0.0,0.0,1.0,1.0,1.0,1.0,1.0,1.0,-1.0,1.0,-1.0,0.0,-0.5,-1.0,-0.3333333333333333,10.0,9.0,0.0
0.0,0.0,1.0,1.0,0.0,1.0,0.5,0.0,3.0,2.0,1.0,0.0,0.0,0.0,0.0,0.0,1.0,1.0,0.0,1.0,1.0,1.0,1.0,-1.0,-2.0,-0.5,0.0,0.5,-1.0,3.1666666666666665,17.0,18.0,18.0
0.0,1.0,1.0,1.0,0.0,1.0,0.5,0.0,4.0,2.0,0.0,1.0,0.0,0.0,0.0,0.0,1.0,1.0,0.0,0.0,1.0,1.0,0.0,0.0,0.0,-0.5,0.0,-0.5,-0.5,0.0,8.0,8.0,8.0
0.0,1.0,1.0,0.0,0.0,1.0,0.0,-0.5,2.0,2.0,0.0,1.0,0.0,1.0,0.0,0.0,0.0,0.0,1.0,0.0,1.0,0.0,0.0,1.0,0.0,-0.5,0.0,-0.5,-0.5,-0.16666666666666666,13.0,12.0,12.0
0.0,0.0,0.0,1.0,0.0,1.0,0.0,0.0,2.0,2.0,1.0,1.0,0.0,1.0,0.0,0.0,0.0,0.0,1.0,0.0,1.0,0.0,0.0,-1.0,-1.0,0.0,0.0,-0.5,0.0,0.3333333333333333,10.0,9.0,9.0
0.0,0.0,1.0,1.0,0.0,1.0,-0.5,-0.5,0.0,3.0,1.0,1.0,0.0,1.0,0.0,0.0,1.0,1.0,1.0,1.0,1.0,1.0,1.0,0.0,0.0,0.0,0.0,-0.5,-0.5,-0.3333333333333333,9.0,10.0,0.0
0.0,1.0,1.0,0.0,1.0,0.0,0.0,0.5,2.0,2.0,3.0,1.0,1.0,0.0,0.0,0.0,1.0,1.0,1.0,1.0,1.0,1.0,0.0,0.0,-1.0,1.0,2.0,1.0,-1.5,1.8333333333333333,17.0,17.0,17.0
0.0,1.0,0.0,1.0,0.0,1.0,0.0,-1.0,3.0,2.0,2.0,1.0,0.0,0.0,0.0,0.0,0.0,1.0,1.0,1.0,1.0,1.0,1.0,1.0,1.0,0.5,2.0,1.0,0.5,0.0,9.0,9.0,10.0
0.0,0.0,1.0,0.0,0.0,1.0,0.5,0.5,4.0,2.0,3.0,1.0,1.0,0.0,0.0,0.0,0.0,1.0,1.0,1.0,1.0,1.0,0.0,0.0,0.0,0.5,1.0,0.0,0.0,1.0,12.0,10.0,11.0
0.0,1.0,1.0,1.0,0.0,1.0,0.5,-0.5,1.0,2.0,3.0,0.0,0.0,0.0,0.0,0.0,1.0,1.0,1.0,1.0,1.0,1.0,1.0,1.0,1.0,1.0,0.0,0.5,0.5,1.3333333333333333,10.0,9.0,10.0
0.0,0.0,1.0,0.0,0.0,1.0,-0.5,-1.0,2.0,2.0,3.0,1.0,1.0,0.0,0.0,0.0,1.0,0.0,0.0,1.0,0.0,1.0,1.0,0.0,0.0,1.0,0.0,0.0,-0.5,-0.3333333333333333,6.0,0.0,0.0
0.0,0.0,2.0,1.0,0.0,1.0,0.0,0.0,2.0,3.0,1.0,2.0,0.0,0.0,2.0,0.0,1.0,1.0,1.0,1.0,1.0,1.0,0.0,0.0,0.0,1.0,2.0,0.5,0.5,2.1666666666666665,9.0,9.0,9.0
0.0,0.0,1.0,1.0,0.0,1.0,-0.5,0.0,2.0,3.0,3.0,0.0,0.0,2.0,0.0,0.0,1.0,1.0,1.0,1.0,1.0,1.0,1.0,0.0,2.0,1.0,0.0,0.5,-1.0,0.3333333333333333,15.0,14.0,14.0
0.0,0.0,1.0,1.0,1.0,1.0,-1.0,-1.0,2.0,2.0,1.0,1.0,1.0,0.0,0.0,0.0,1.0,1.0,0.0,0.0,1.0,0.0,0.0,0.0,1.0,0.0,0.0,-0.5,-0.5,0.0,11.0,11.0,11.0
0.0,1.0,0.0,0.0,0.0,1.0,-1.0,-0.5,0.0,0.0,1.0,1.0,0.0,0.0,0.0,0.0,1.0,1.0,1.0,0.0,1.0,0.0,1.0,-1.0,2.0,-0.5,1.0,0.0,-1.5,0.0,15.0,14.0,14.0
0.0,0.0,0.0,1.0,0.0,1.0,-0.5,0.5,0.0,1.0,3.0,1.0,1.0,0.0,0.0,0.0,1.0,1.0,0.0,1.0,1.0,1.0,1.0,0.0,0.0,0.0,0.0,-0.5,-1.5,0.0,10.0,10.0,10.0
0.0,0.0,0.0,1.0,1.0,1.0,-0.5,-0.5,3.0,2.0,0.0,1.0,1.0,0.0,0.0,1.0,1.0,1.0,0.0,1.0,1.0,1.0,1.0,0.0,1.0,0.5,1.0,0.5,0.5,0.6666666666666666,12.0,12.0,12.0
0.0,0.0,1.0,0.0,0.0,0.0,0.0,-0.5,2.0,3.0,1.0,1.0,1.0,0.0,0.0,0.0,0.0,0.0,0.0,0.0,0.0,1.0,1.0,0.0,-2.0,-1.0,0.0,-0.5,0.5,12.166666666666666,10.0,9.0,9.0
0.0,1.0,1.0,1.0,0.0,1.0,0.5,0.5,4.0,3.0,1.0,1.0,1.0,-1.0,0.0,0.0,0.0,1.0,1.0,1.0,1.0,1.0,0.0,-1.0,-1.0,0.5,0.0,1.0,-0.5,3.3333333333333335,9.0,9.0,9.0
0.0,1.0,1.0,1.0,0.0,1.0,0.5,0.5,4.0,3.0,1.0,1.0,1.0,-1.0,0.0,0.0,0.0,1.0,1.0,1.0,1.0,1.0,0.0,-1.0,-1.0,0.5,0.0,1.0,-0.5,3.3333333333333335,9.0,9.0,9.0
0.0,1.0,1.0,1.0,0.0,1.0,0.5,0.5,4.0,3.0,1.0,0.0,0.0,0.0,1.0,0.0,1.0,0.0,1.0,1.0,1.0,1.0,0.0,0.0,0.0,0.0,1.0,0.0,-1.0,-0.3333333333333333,10.0,10.0,0.0
0.0,1.0,1.0,1.0,0.0,1.0,0.5,0.5,4.0,3.0,1.0,0.0,0.0,0.0,1.0,0.0,1.0,0.0,1.0,1.0,1.0,1.0,0.0,0.0,0.0,0.0,1.0,0.0,-1.0,-0.3333333333333333,10.0,10.0,0.0
0.0,0.0,1.0,1.0,0.0,1.0,0.5,0.5,1.0,1.0,3.0,0.0,0.0,0.0,1.0,1.0,1.0,0.0,1.0,1.0,1.0,1.0,1.0,-2.0,1.0,0.5,0.0,-0.5,0.0,2.1666666666666665,9.0,8.0,8.0
0.0,1.0,1.0,1.0,1.0,1.0,0.5,0.0,4.0,3.0,0.0,1.0,1.0,-1.0,0.0,0.0,0.0,1.0,1.0,1.0,1.0,1.0,0.0,0.0,-1.0,0.0,0.0,0.0,-1.5,1.0,10.0,11.0,10.0
0.0,1.0,0.0,1.0,1.0,0.0,0.5,-1.0,3.0,2.0,1.0,1.0,1.0,-1.0,0.0,0.0,0.0,1.0,1.0,1.0,1.0,1.0,1.0,0.0,2.0,0.5,1.0,1.0,0.5,4.666666666666667,8.0,8.0,8.0
0.0,1.0,0.0,1.0,1.0,0.0,0.0,-0.5,4.0,3.0,1.0,1.0,0.0,-1.0,1.0,0.0,0.0,0.0,0.0,1.0,1.0,1.0,0.0,0.0,1.0,0.5,2.0,1.0,-0.5,2.8333333333333335,11.0,9.0,10.0
0.0,0.0,1.0,0.0,1.0,1.0,-1.0,-1.0,0.0,2.0,3.0,1.0,1.0,2.0,0.0,0.0,1.0,1.0,1.0,1.0,1.0,0.0,0.0,1.0,-1.0,-0.5,0.0,-0.5,-0.5,-0.16666666666666666,12.0,12.0,12.0
0.0,0.0,1.0,1.0,0.0,1.0,-1.0,-1.0,2.0,2.0,1.0,1.0,1.0,0.0,0.0,1.0,0.0,0.0,1.0,1.0,1.0,1.0,0.0,1.0,1.0,0.5,0.0,-0.5,0.0,0.3333333333333333,8.0,9.0,10.0
0.0,0.0,1.0,1.0,0.0,1.0,-1.0,-1.0,2.0,2.0,1.0,1.0,1.0,0.0,0.0,1.0,0.0,0.0,1.0,1.0,1.0,1.0,0.0,1.0,1.0,0.5,0.0,-0.5,0.0,0.3333333333333333,8.0,9.0,10.0
0.0,0.0,0.0,1.0,0.0,1.0,-0.5,-0.5,2.0,2.0,0.0,1.0,0.0,0.0,0.0,0.0,1.0,0.0,0.0,0.0,1.0,1.0,0.0,1.0,1.0,1.0,0.0,0.0,0.5,0.3333333333333333,10.0,9.0,11.0
0.0,1.0,0.0,1.0,0.0,1.0,-1.0,-1.0,2.0,2.0,3.0,0.0,0.0,0.0,0.0,0.0,0.0,1.0,0.0,0.0,1.0,1.0,0.0,0.0,0.0,0.0,0.0,0.0,0.0,0.0,12.0,10.0,11.0
0.0,0.0,1.0,1.0,0.0,1.0,-0.5,-0.5,0.0,0.0,2.0,1.0,0.0,1.0,0.0,0.0,1.0,1.0,0.0,1.0,1.0,1.0,0.0,0.0,0.0,0.0,0.0,0.0,-1.0,0.5,18.0,18.0,19.0
0.0,0.0,0.0,1.0,0.0,1.0,-1.0,-1.0,3.0,4.0,3.0,1.0,0.0,1.0,0.0,0.0,1.0,1.0,0.0,1.0,1.0,1.0,0.0,0.0,0.0,0.0,0.0,-0.5,-0.5,0.6666666666666666,13.0,12.0,12.0
0.0,1.0,1.0,1.0,0.0,1.0,-0.5,-1.0,3.0,3.0,3.0,1.0,0.0,1.0,0.0,0.0,0.0,1.0,1.0,1.0,1.0,1.0,0.0,0.0,-1.0,0.5,0.0,0.5,-1.0,0.6666666666666666,15.0,14.0,14.0
0.0,1.0,1.0,1.0,1.0,0.0,0.5,0.5,4.0,4.0,3.0,1.0,0.0,0.0,0.0,0.0,1.0,1.0,1.0,1.0,1.0,1.0,0.0,1.0,1.0,0.0,0.0,-0.5,-1.0,1.1666666666666667,15.0,13.0,15.0
0.0,1.0,1.0,1.0,0.0,1.0,0.5,-0.5,4.0,2.0,1.0,1.0,0.0,0.0,0.0,0.0,1.0,1.0,1.0,1.0,1.0,1.0,1.0,0.0,0.0,-0.5,0.0,1.0,0.5,1.5,12.0,11.0,11.0
0.0,0.0,0.0,1.0,0.0,1.0,0.5,0.0,1.0,3.0,3.0,1.0,0.0,1.0,0.0,0.0,1.0,1.0,0.0,1.0,1.0,1.0,0.0,0.0,-1.0,-0.5,0.0,0.0,-0.5,-0.3333333333333333,15.0,15.0,15.0
0.0,0.0,0.0,0.0,1.0,1.0,0.0,-1.0,3.0,2.0,3.0,1.0,1.0,2.0,0.0,0.0,1.0,1.0,0.0,1.0,1.0,0.0,0.0,-1.0,-2.0,-0.5,0.0,-0.5,-0.5,0.6666666666666666,18.0,18.0,18.0
0.0,1.0,1.0,0.0,1.0,1.0,0.0,-0.5,3.0,2.0,3.0,1.0,1.0,1.0,0.0,0.0,1.0,1.0,1.0,1.0,1.0,1.0,0.0,1.0,1.0,-0.5,0.0,-0.5,0.0,1.0,14.0,13.0,14.0
0.0,1.0,0.0,1.0,0.0,1.0,0.0,0.0,1.0,2.0,1.0,1.0,0.0,-1.0,0.0,0.0,1.0,1.0,0.0,1.0,1.0,1.0,0.0,0.0,1.0,0.0,0.0,0.5,0.5,0.3333333333333333,14.0,12.0,11.0
0.0,0.0,2.0,1.0,0.0,1.0,0.5,0.5,1.0,2.0,3.0,2.0,1.0,0.0,0.0,0.0,1.0,1.0,1.0,1.0,1.0,1.0,0.0,-2.0,0.0,0.5,1.0,0.5,-1.0,-0.3333333333333333,10.0,9.0,0.0
0.0,0.0,1.0,1.0,1.0,1.0,0.5,0.0,2.0,2.0,1.0,2.0,1.0,0.0,0.0,0.0,1.0,1.0,0.0,1.0,1.0,1.0,1.0,0.0,1.0,1.0,0.0,0.0,-1.0,1.3333333333333333,10.0,8.0,8.0
0.0,0.0,1.0,1.0,0.0,1.0,0.5,0.0,2.0,2.0,3.0,0.0,0.0,2.0,0.0,0.0,1.0,1.0,0.0,1.0,1.0,1.0,0.0,0.0,0.0,0.0,0.0,-0.5,-0.5,-0.3333333333333333,14.0,13.0,14.0
0.0,1.0,1.0,1.0,1.0,1.0,0.5,0.5,4.0,4.0,1.0,1.0,0.0,-1.0,0.0,0.0,1.0,1.0,0.0,1.0,1.0,1.0,1.0,-3.0,1.0,-0.5,1.0,0.0,-1.5,0.5,16.0,15.0,16.0
0.0,0.0,1.0,1.0,1.0,0.0,0.5,0.5,1.0,2.0,1.0,1.0,0.0,0.0,0.0,0.0,1.0,0.0,0.0,1.0,1.0,1.0,1.0,0.0,-1.0,0.5,0.0,-0.5,0.0,2.0,12.0,10.0,11.0
0.0,1.0,0.0,1.0,1.0,1.0,0.5,0.5,2.0,4.0,1.0,0.0,1.0,-1.0,0.0,0.0,0.0,1.0,0.0,1.0,1.0,1.0,0.0,0.0,-2.0,-1.0,1.0,0.0,0.5,-0.3333333333333333,11.0,11.0,10.0
0.0,0.0,0.0,1.0,0.0,1.0,0.5,-0.5,2.0,2.0,3.0,1.0,1.0,1.0,0.0,0.0,1.0,1.0,0.0,1.0,1.0,1.0,0.0,0.0,0.0,0.0,0.0,-0.5,-0.5,-0.3333333333333333,15.0,12.0,14.0
0.0,0.0,0.0,1.0,0.0,1.0,0.0,-0.5,1.0,1.0,3.0,0.0,0.0,2.0,0.0,0.0,1.0,1.0,1.0,0.0,1.0,1.0,0.0,1.0,-1.0,-0.5,0.0,0.0,0.5,-0.3333333333333333,17.0,17.0,18.0
0.0,1.0,3.0,1.0,0.0,0.0,0.0,-0.5,3.0,2.0,0.0,2.0,0.0,-1.0,0.0,0.0,0.0,0.0,1.0,1.0,1.0,0.0,0.0,1.0,2.0,0.0,0.0,-0.5,0.5,-0.3333333333333333,17.0,18.0,18.0
0.0,1.0,2.0,0.0,0.0,1.0,0.0,0.0,2.0,3.0,3.0,0.0,0.0,0.0,1.0,0.0,0.0,0.0,1.0,1.0,1.0,0.0,1.0,0.0,2.0,0.0,0.0,0.0,0.5,-0.3333333333333333,15.0,12.0,12.0
0.0,0.0,1.0,1.0,0.0,1.0,-0.5,-1.0,3.0,2.0,0.0,1.0,1.0,0.0,0.0,0.0,1.0,1.0,1.0,1.0,1.0,1.0,0.0,1.0,0.0,0.0,0.0,0.0,-1.5,-0.3333333333333333,8.0,8.0,0.0
0.0,0.0,1.0,1.0,0.0,1.0,0.5,0.0,2.0,2.0,0.0,1.0,0.0,1.0,0.0,0.0,1.0,1.0,1.0,1.0,1.0,1.0,1.0,0.0,0.0,0.5,0.0,-0.5,0.5,1.1666666666666667,9.0,10.0,9.0
0.0,0.0,0.0,0.0,0.0,1.0,0.0,0.5,0.0,3.0,0.0,0.0,0.0,1.0,0.0,0.0,1.0,1.0,1.0,0.0,1.0,1.0,0.0,0.0,0.0,0.5,1.0,1.5,0.5,-0.3333333333333333,11.0,11.0,10.0
0.0,0.0,1.0,1.0,0.0,1.0,0.5,0.5,4.0,2.0,0.0,1.0,0.0,0.0,0.0,0.0,1.0,1.0,0.0,1.0,1.0,1.0,0.0,0.0,1.0,0.5,2.0,0.5,0.5,0.0,11.0,11.0,11.0
0.0,0.0,0.0,1.0,0.0,0.0,0.5,0.0,3.0,3.0,0.0,1.0,0.0,0.0,0.0,0.0,1.0,1.0,0.0,1.0,1.0,1.0,1.0,1.0,-1.0,-0.5,0.0,0.0,0.5,3.5,13.0,13.0,13.0
0.0,0.0,0.0,1.0,0.0,1.0,-0.5,-0.5,2.0,2.0,0.0,1.0,0.0,0.0,0.0,0.0,1.0,0.0,0.0,1.0,1.0,0.0,1.0,0.0,-1.0,-0.5,0.0,-0.5,-0.5,1.6666666666666667,11.0,9.0,9.0
0.0,0.0,0.0,0.0,1.0,1.0,-0.5,-0.5,3.0,3.0,0.0,1.0,0.0,1.0,0.0,0.0,1.0,1.0,1.0,1.0,1.0,1.0,0.0,-1.0,0.0,-0.5,1.0,0.0,-0.5,0.16666666666666666,11.0,11.0,11.0
0.0,0.0,0.0,1.0,0.0,1.0,0.0,-1.0,3.0,3.0,0.0,0.0,0.0,1.0,0.0,0.0,1.0,0.0,0.0,0.0,1.0,1.0,0.0,-1.0,1.0,0.0,1.0,0.5,0.5,-0.16666666666666666,12.0,14.0,15.0
0.0,0.0,0.0,1.0,1.0,1.0,-1.5,-0.5,0.0,0.0,1.0,0.0,1.0,1.0,0.0,0.0,0.0,0.0,0.0,1.0,1.0,1.0,0.0,-1.0,0.0,0.0,1.0,0.5,-1.0,-0.3333333333333333,16.0,15.0,15.0
0.0,1.0,1.0,1.0,0.0,1.0,0.5,0.5,2.0,2.0,0.0,1.0,0.0,1.0,0.0,0.0,0.0,0.0,1.0,1.0,1.0,1.0,0.0,0.0,0.0,0.0,1.0,0.0,-0.5,0.16666666666666666,9.0,12.0,11.0
0.0,1.0,0.0,1.0,0.0,1.0,0.0,0.0,2.0,3.0,3.0,1.0,0.0,-1.0,0.0,0.0,0.0,0.0,1.0,0.0,1.0,1.0,0.0,0.0,0.0,1.0,2.0,1.5,0.5,0.16666666666666666,14.0,15.0,16.0
0.0,1.0,0.0,0.0,0.0,1.0,-0.5,-0.5,3.0,2.0,0.0,1.0,3.0,-1.0,0.0,0.0,1.0,0.0,0.0,1.0,1.0,1.0,0.0,0.0,1.0,1.0,4.0,1.5,0.0,1.0,11.0,10.0,10.0
0.0,0.0,0.0,1.0,0.0,1.0,0.5,0.5,4.0,3.0,0.0,1.0,0.0,1.0,0.0,0.0,1.0,1.0,1.0,1.0,1.0,1.0,0.0,1.0,1.0,0.5,0.0,0.5,0.0,0.8333333333333334,10.0,9.0,9.0
0.0,0.0,0.0,1.0,0.0,1.0,0.5,0.5,4.0,3.0,0.0,1.0,0.0,1.0,0.0,0.0,1.0,1.0,1.0,1.0,1.0,1.0,0.0,1.0,1.0,0.5,0.0,0.5,0.0,0.8333333333333334,10.0,9.0,9.0
0.0,0.0,0.0,1.0,0.0,1.0,0.5,0.5,4.0,4.0,0.0,1.0,1.0,1.0,0.0,0.0,1.0,1.0,0.0,0.0,1.0,1.0,1.0,0.0,0.0,0.0,0.0,0.0,0.0,0.3333333333333333,14.0,14.0,14.0
0.0,1.0,1.0,1.0,1.0,1.0,-0.5,-0.5,2.0,2.0,0.0,1.0,0.0,2.0,0.0,0.0,1.0,0.0,1.0,1.0,1.0,1.0,0.0,0.0,2.0,1.0,1.0,1.0,0.5,0.0,9.0,8.0,8.0
0.0,0.0,0.0,0.0,0.0,1.0,-0.5,0.5,0.0,2.0,0.0,0.0,0.0,1.0,0.0,0.0,1.0,0.0,0.0,1.0,1.0,1.0,1.0,0.0,1.0,0.0,0.0,-0.5,0.5,0.8333333333333334,12.0,14.0,14.0
0.0,0.0,1.0,1.0,0.0,1.0,0.0,0.0,3.0,3.0,1.0,1.0,0.0,0.0,0.0,0.0,0.0,0.0,1.0,1.0,1.0,1.0,0.0,1.0,0.0,0.5,0.0,-0.5,0.0,-0.3333333333333333,7.0,0.0,0.0
0.0,0.0,1.0,1.0,1.0,1.0,-0.5,-0.5,2.0,2.0,1.0,2.0,0.0,0.0,0.0,0.0,0.0,0.0,1.0,0.0,1.0,1.0,1.0,0.0,0.0,0.0,0.0,-0.5,-1.0,-0.3333333333333333,8.0,8.0,0.0
0.0,0.0,1.0,0.0,0.0,1.0,-0.5,-0.5,0.0,2.0,0.0,1.0,1.0,2.0,0.0,0.0,0.0,0.0,1.0,1.0,1.0,0.0,0.0,0.0,1.0,0.5,0.0,-0.5,0.0,-0.3333333333333333,10.0,9.0,0.0
0.0,0.0,0.0,1.0,0.0,1.0,0.0,0.5,3.0,2.0,0.0,1.0,0.0,1.0,0.0,0.0,0.0,0.0,0.0,1.0,1.0,1.0,0.0,0.0,1.0,1.0,0.0,0.5,0.5,2.3333333333333335,16.0,15.0,15.0
0.0,0.0,0.0,1.0,0.0,1.0,0.0,-0.5,2.0,2.0,1.0,1.0,0.0,0.0,0.0,0.0,1.0,1.0,0.0,1.0,1.0,1.0,1.0,0.0,0.0,-0.5,1.0,0.5,-1.0,-0.3333333333333333,7.0,8.0,0.0
0.0,0.0,1.0,1.0,1.0,1.0,0.0,0.0,3.0,3.0,1.0,1.0,0.0,2.0,0.0,0.0,1.0,0.0,0.0,1.0,1.0,1.0,0.0,1.0,0.0,0.0,0.0,-0.5,-1.5,0.8333333333333334,16.0,15.0,17.0
0.0,0.0,0.0,0.0,0.0,0.0,0.0,-0.5,2.0,2.0,1.0,1.0,0.0,0.0,0.0,0.0,1.0,1.0,0.0,1.0,1.0,1.0,0.0,0.0,0.0,0.0,1.0,0.5,-1.0,0.3333333333333333,9.0,10.0,10.0
0.0,1.0,1.0,1.0,1.0,1.0,0.0,0.5,3.0,2.0,1.0,1.0,0.0,0.0,0.0,0.0,0.0,0.0,1.0,1.0,1.0,1.0,1.0,0.0,0.0,0.0,0.0,0.5,0.5,1.5,16.0,15.0,15.0
0.0,0.0,0.0,1.0,0.0,0.0,-0.5,-0.5,0.0,0.0,1.0,0.0,0.0,0.0,1.0,0.0,1.0,0.0,0.0,1.0,1.0,1.0,1.0,-1.0,0.0,-1.0,0.0,0.0,0.0,-0.3333333333333333,9.0,8.0,0.0
0.0,0.0,1.0,1.0,0.0,1.0,-0.5,0.0,0.0,2.0,0.0,1.0,0.0,1.0,0.0,0.0,1.0,0.0,0.0,1.0,1.0,1.0,0.0,0.0,0.0,0.0,0.0,0.0,-0.5,0.3333333333333333,11.0,10.0,10.0
0.0,0.0,1.0,1.0,0.0,1.0,0.0,-0.5,2.0,3.0,2.0,1.0,0.0,1.0,0.0,0.0,0.0,0.0,0.0,1.0,1.0,1.0,1.0,1.0,1.0,0.0,1.0,0.5,-1.5,0.8333333333333334,13.0,13.0,14.0
0.0,1.0,1.0,0.0,0.0,1.0,0.5,0.0,4.0,3.0,0.0,1.0,0.0,1.0,0.0,0.0,0.0,0.0,0.0,1.0,1.0,1.0,1.0,1.0,0.0,-0.5,0.0,0.0,0.0,1.1666666666666667,16.0,15.0,16.0
0.0,1.0,1.0,1.0,0.0,1.0,0.5,0.0,4.0,2.0,0.0,1.0,0.0,1.0,0.0,0.0,1.0,1.0,0.0,1.0,1.0,1.0,1.0,1.0,1.0,1.0,1.0,0.5,0.5,-0.3333333333333333,10.0,10.0,9.0
0.0,0.0,0.0,1.0,0.0,1.0,0.5,0.0,1.0,2.0,3.0,1.0,0.0,1.0,0.0,0.0,1.0,1.0,1.0,1.0,1.0,1.0,1.0,0.0,1.0,0.0,0.0,0.5,0.0,-0.3333333333333333,13.0,15.0,15.0
1.0,1.0,1.0,0.0,0.0,1.0,0.0,-0.5,2.0,2.0,0.0,1.0,1.0,-1.0,1.0,0.0,1.0,0.0,0.0,0.0,1.0,1.0,0.0,-2.0,2.0,1.0,4.0,1.5,0.5,1.3333333333333333,11.0,13.0,13.0
1.0,1.0,2.0,0.0,0.0,1.0,-1.0,-1.0,2.0,3.0,1.0,2.0,2.0,0.0,3.0,0.0,0.0,0.0,0.0,1.0,1.0,1.0,0.0,1.0,1.0,0.5,2.0,0.5,-1.0,1.0,8.0,7.0,8.0
1.0,1.0,0.0,1.0,0.0,1.0,0.0,0.0,1.0,2.0,0.0,1.0,1.0,0.0,0.0,0.0,1.0,1.0,0.0,1.0,1.0,1.0,0.0,0.0,2.0,0.5,1.0,0.5,-0.5,0.0,13.0,13.0,13.0
1.0,1.0,1.0,1.0,1.0,1.0,-1.0,0.0,0.0,3.0,0.0,1.0,0.0,-1.0,1.0,0.0,0.0,0.0,0.0,1.0,0.0,1.0,1.0,0.0,0.0,0.0,1.0,0.5,-0.5,0.8333333333333334,8.0,7.0,8.0
1.0,1.0,2.0,0.0,0.0,1.0,-1.0,-1.0,2.0,2.0,1.0,2.0,2.0,-1.0,1.0,0.0,1.0,0.0,0.0,1.0,1.0,1.0,0.0,0.0,1.0,0.5,2.0,0.5,0.5,0.3333333333333333,8.0,8.0,8.0
1.0,1.0,0.0,0.0,0.0,1.0,0.5,0.0,3.0,2.0,1.0,1.0,1.0,0.0,0.0,0.0,1.0,1.0,1.0,0.0,1.0,1.0,1.0,0.0,2.0,1.0,0.0,0.5,-1.0,0.3333333333333333,13.0,11.0,11.0
1.0,0.0,1.0,1.0,0.0,1.0,0.0,0.0,3.0,3.0,0.0,0.0,0.0,0.0,0.0,0.0,1.0,0.0,0.0,1.0,1.0,0.0,1.0,1.0,0.0,0.5,0.0,-0.5,0.5,-0.3333333333333333,10.0,9.0,9.0
1.0,0.0,0.0,0.0,0.0,1.0,0.5,0.5,4.0,3.0,2.0,0.0,1.0,0.0,0.0,0.0,1.0,1.0,1.0,1.0,1.0,1.0,0.0,0.0,0.0,0.0,0.0,0.0,0.5,0.3333333333333333,12.0,13.0,13.0
1.0,0.0,0.0,1.0,1.0,0.0,0.0,-0.5,3.0,2.0,3.0,1.0,1.0,0.0,0.0,0.0,0.0,0.0,0.0,1.0,1.0,0.0,1.0,-3.0,-1.0,0.0,0.0,0.0,0.5,0.0,12.0,12.0,11.0
1.0,1.0,1.0,1.0,1.0,1.0,-1.0,-1.0,2.0,3.0,1.0,0.0,1.0,-1.0,0.0,0.0,0.0,0.0,0.0,0.0,1.0,1.0,1.0,-1.0,0.0,-0.5,0.0,0.0,-0.5,0.3333333333333333,10.0,10.0,10.0
1.0,0.0,1.0,1.0,1.0,1.0,-1.0,-1.0,0.0,3.0,0.0,0.0,1.0,1.0,0.0,0.0,0.0,0.0,0.0,1.0,1.0,1.0,0.0,1.0,0.0,-0.5,0.0,-0.5,0.0,-0.3333333333333333,18.0,16.0,16.0
1.0,0.0,1.0,1.0,0.0,1.0,0.0,0.0,3.0,3.0,2.0,1.0,1.0,0.0,0.0,0.0,1.0,0.0,0.0,1.0,1.0,1.0,1.0,0.0,0.0,-0.5,0.0,0.5,-0.5,-0.3333333333333333,11.0,11.0,10.0
1.0,0.0,0.0,1.0,1.0,1.0,0.5,0.5,0.0,0.0,0.0,1.0,0.0,0.0,0.0,0.0,1.0,1.0,1.0,1.0,1.0,1.0,1.0,-2.0,0.0,0.5,0.0,-0.5,-1.5,-0.3333333333333333,16.0,15.0,15.0
1.0,0.0,0.0,0.0,0.0,1.0,-1.0,-0.5,2.0,3.0,0.0,0.0,1.0,0.0,0.0,0.0,0.0,0.0,0.0,0.0,1.0,0.0,0.0,-1.0,-1.0,-0.5,0.0,0.0,-0.5,-0.3333333333333333,12.0,11.0,12.0
1.0,1.0,1.0,0.0,0.0,1.0,-1.0,0.0,0.0,2.0,0.0,1.0,1.0,0.0,0.0,0.0,1.0,1.0,0.0,1.0,1.0,0.0,0.0,-1.0,0.0,0.5,1.0,1.0,-0.5,0.3333333333333333,10.0,10.0,10.0
1.0,1.0,1.0,1.0,1.0,1.0,0.5,0.5,4.0,3.0,2.0,1.0,1.0,1.0,0.0,0.0,0.0,1.0,0.0,1.0,1.0,1.0,1.0,0.0,-1.0,-0.5,1.0,0.0,0.5,-0.3333333333333333,13.0,13.0,13.0
1.0,0.0,0.0,0.0,0.0,1.0,-1.0,-1.0,2.0,3.0,3.0,1.0,2.0,-1.0,1.0,0.0,1.0,1.0,0.0,1.0,1.0,1.0,1.0,1.0,-1.0,-1.0,0.0,0.0,-1.5,-0.3333333333333333,7.0,6.0,0.0
1.0,0.0,1.0,1.0,0.0,1.0,-0.5,0.0,0.0,3.0,0.0,0.0,1.0,-1.0,0.0,0.0,1.0,1.0,0.0,1.0,1.0,1.0,1.0,1.0,-1.0,0.0,0.0,0.0,0.0,-0.3333333333333333,11.0,10.0,10.0
1.0,0.0,1.0,0.0,0.0,1.0,0.5,0.5,2.0,4.0,2.0,0.0,2.0,0.0,0.0,0.0,1.0,1.0,0.0,0.0,1.0,1.0,1.0,-1.0,-1.0,-0.5,3.0,0.0,0.5,1.3333333333333333,14.0,12.0,11.0
1.0,1.0,1.0,0.0,1.0,1.0,-1.0,-0.5,0.0,3.0,2.0,0.0,2.0,-1.0,0.0,0.0,1.0,1.0,1.0,1.0,0.0,1.0,1.0,0.0,0.0,0.0,1.0,0.5,-0.5,0.16666666666666666,14.0,12.0,12.0
1.0,0.0,0.0,1.0,0.0,1.0,-0.5,-0.5,2.0,0.0,1.0,1.0,0.0,1.0,0.0,0.0,0.0,0.0,1.0,1.0,1.0,0.0,1.0,-1.0,1.0,0.0,0.0,-0.5,-0.5,1.0,13.0,11.0,11.0
1.0,0.0,0.0,0.0,0.0,1.0,-1.0,-0.5,2.0,2.0,0.0,1.0,0.0,-1.0,0.0,0.0,0.0,0.0,1.0,1.0,1.0,1.0,0.0,-1.0,2.0,1.0,0.0,0.5,-1.5,2.0,6.0,5.0,5.0
1.0,0.0,1.0,0.0,1.0,1.0,0.5,0.5,2.0,2.0,3.0,1.0,1.0,1.0,0.0,0.0,0.0,0.0,0.0,1.0,1.0,1.0,0.0,1.0,1.0,0.5,0.0,-0.5,-1.5,-0.3333333333333333,19.0,18.0,19.0
1.0,0.0,1.0,0.0,0.0,1.0,-1.0,-1.0,2.0,2.0,1.0,1.0,3.0,1.0,0.0,0.0,0.0,0.0,0.0,1.0,1.0,1.0,0.0,0.0,0.0,-0.5,0.0,0.0,0.0,0.0,8.0,8.0,10.0
1.0,0.0,1.0,0.0,1.0,1.0,0.5,0.5,4.0,3.0,0.0,1.0,0.0,0.0,0.0,0.0,0.0,1.0,1.0,1.0,1.0,1.0,0.0,1.0,1.0,0.0,2.0,1.0,-1.0,0.3333333333333333,8.0,9.0,10.0
1.0,0.0,1.0,1.0,0.0,1.0,0.0,0.0,2.0,2.0,1.0,1.0,0.0,0.0,0.0,0.0,0.0,1.0,0.0,1.0,1.0,1.0,1.0,0.0,-2.0,0.0,0.0,0.0,-1.5,-0.3333333333333333,15.0,15.0,15.0
1.0,0.0,0.0,0.0,0.0,1.0,0.0,-1.0,0.0,2.0,3.0,1.0,0.0,0.0,0.0,0.0,1.0,1.0,1.0,0.0,1.0,1.0,0.0,0.0,2.0,0.5,1.0,0.5,-1.5,2.5,10.0,10.0,10.0
1.0,1.0,1.0,1.0,0.0,1.0,0.5,0.5,4.0,4.0,1.0,0.0,0.0,0.0,0.0,0.0,0.0,1.0,1.0,0.0,1.0,1.0,0.0,-1.0,-1.0,0.5,0.0,1.0,-1.0,0.3333333333333333,15.0,14.0,14.0
1.0,1.0,1.0,0.0,0.0,1.0,-0.5,-1.0,2.0,2.0,2.0,1.0,1.0,-1.0,0.0,0.0,0.0,0.0,1.0,0.0,1.0,1.0,1.0,0.0,1.0,0.0,0.0,0.5,0.5,0.5,7.0,6.0,7.0
1.0,1.0,0.0,1.0,0.0,1.0,-0.5,0.0,2.0,3.0,1.0,0.0,1.0,0.0,0.0,0.0,0.0,0.0,1.0,1.0,1.0,1.0,0.0,0.0,1.0,0.0,0.0,-0.5,-0.5,0.0,11.0,11.0,10.0
1.0,1.0,2.0,0.0,0.0,1.0,-1.0,-1.0,2.0,3.0,2.0,1.0,1.0,-1.0,1.0,0.0,0.0,0.0,0.0,1.0,1.0,0.0,0.0,0.0,0.0,-0.5,0.0,0.5,0.5,-0.3333333333333333,6.0,5.0,0.0
1.0,1.0,1.0,0.0,0.0,1.0,0.5,-0.5,2.0,2.0,1.0,0.0,1.0,-1.0,1.0,0.0,0.0,1.0,0.0,1.0,1.0,0.0,0.0,1.0,1.0,0.0,3.0,0.5,-0.5,2.0,6.0,5.0,5.0
1.0,0.0,1.0,0.0,0.0,1.0,-0.5,-0.5,0.0,2.0,2.0,1.0,1.0,1.0,0.0,0.0,0.0,1.0,0.0,1.0,1.0,0.0,0.0,1.0,0.0,0.0,0.0,0.5,0.0,0.0,10.0,9.0,10.0
1.0,0.0,1.0,0.0,0.0,1.0,0.5,0.5,4.0,0.0,3.0,1.0,2.0,-1.0,0.0,0.0,1.0,1.0,1.0,1.0,1.0,1.0,1.0,0.0,1.0,0.0,1.0,0.0,0.5,0.8333333333333334,6.0,5.0,6.0
1.0,0.0,2.0,0.0,0.0,1.0,-0.5,0.0,3.0,2.0,0.0,1.0,0.0,1.0,1.0,0.0,0.0,0.0,1.0,0.0,1.0,1.0,0.0,1.0,1.0,-0.5,0.0,0.0,0.5,-0.3333333333333333,7.0,5.0,0.0
1.0,0.0,1.0,1.0,1.0,1.0,0.0,-1.0,4.0,3.0,0.0,1.0,0.0,0.0,0.0,0.0,1.0,1.0,0.0,1.0,1.0,1.0,0.0,0.0,0.0,0.5,0.0,-0.5,-1.5,-0.3333333333333333,7.0,9.0,8.0
1.0,0.0,1.0,1.0,0.0,1.0,-1.0,-1.0,2.0,2.0,0.0,1.0,1.0,0.0,1.0,0.0,0.0,0.0,1.0,1.0,1.0,0.0,0.0,-3.0,-2.0,-1.0,0.0,-0.5,0.5,-0.3333333333333333,6.0,5.0,0.0
1.0,0.0,1.0,1.0,0.0,1.0,-1.0,-1.0,2.0,2.0,0.0,1.0,1.0,0.0,1.0,0.0,0.0,0.0,1.0,1.0,1.0,0.0,0.0,-3.0,-2.0,-1.0,0.0,-0.5,0.5,-0.3333333333333333,6.0,5.0,0.0
1.0,1.0,0.0,1.0,1.0,1.0,0.0,-1.0,3.0,3.0,0.0,1.0,1.0,-1.0,0.0,0.0,0.0,0.0,0.0,0.0,1.0,1.0,0.0,-2.0,1.0,1.0,2.0,1.0,-1.0,0.16666666666666666,14.0,16.0,16.0
1.0,1.0,1.0,0.0,1.0,1.0,0.0,-0.5,3.0,2.0,0.0,1.0,2.0,-1.0,0.0,0.0,0.0,0.0,0.0,0.0,1.0,1.0,0.0,0.0,1.0,-1.0,2.0,1.0,0.5,-0.3333333333333333,11.0,12.0,10.0
0.0,0.0,1.0,1.0,0.0,0.0,0.5,0.5,0.0,4.0,0.0,1.0,1.0,0.0,0.0,1.0,0.0,0.0,0.0,1.0,1.0,0.0,0.0,0.0,0.0,0.5,0.0,-0.5,-0.5,0.3333333333333333,0.0,11.0,11.0
0.0,0.0,0.0,1.0,0.0,1.0,-1.0,-1.0,0.0,2.0,0.0,0.0,0.0,0.0,0.0,0.0,1.0,0.0,0.0,0.0,1.0,1.0,0.0,1.0,0.0,0.0,0.0,-0.5,-0.5,0.0,9.0,11.0,11.0
0.0,0.0,-2.0,1.0,1.0,1.0,-1.0,-1.0,0.0,2.0,2.0,1.0,0.0,0.0,0.0,1.0,0.0,0.0,0.0,1.0,1.0,1.0,0.0,0.0,0.0,-0.5,1.0,0.5,-0.5,0.6666666666666666,12.0,13.0,12.0
0.0,0.0,-2.0,1.0,0.0,1.0,0.5,-0.5,1.0,3.0,1.0,1.0,0.0,1.0,0.0,0.0,1.0,0.0,1.0,1.0,1.0,1.0,1.0,-1.0,-1.0,-0.5,0.0,-0.5,0.5,-0.3333333333333333,14.0,14.0,14.0
0.0,0.0,-1.0,1.0,0.0,1.0,0.0,0.0,2.0,2.0,1.0,0.0,0.0,0.0,0.0,0.0,1.0,0.0,0.0,1.0,1.0,0.0,0.0,0.0,0.0,-0.5,0.0,0.0,0.5,-0.3333333333333333,11.0,13.0,13.0
0.0,1.0,-1.0,1.0,1.0,1.0,0.5,0.0,3.0,2.0,3.0,1.0,0.0,0.0,0.0,0.0,1.0,0.0,1.0,1.0,1.0,1.0,0.0,1.0,1.0,-0.5,0.0,0.0,0.5,0.6666666666666666,12.0,12.0,13.0
0.0,1.0,-1.0,1.0,1.0,1.0,-0.5,-0.5,2.0,2.0,1.0,1.0,0.0,0.0,0.0,0.0,0.0,0.0,0.0,1.0,1.0,1.0,0.0,0.0,1.0,0.5,0.0,-0.5,-0.5,-0.3333333333333333,13.0,12.0,13.0
0.0,0.0,0.0,1.0,0.0,0.0,0.5,0.5,2.0,4.0,1.0,1.0,1.0,0.0,0.0,1.0,1.0,0.0,0.0,1.0,1.0,0.0,0.0,0.0,-2.0,0.5,0.0,-0.5,-1.5,0.0,10.0,13.0,13.0
0.0,1.0,-2.0,1.0,1.0,0.0,0.0,-0.5,3.0,2.0,1.0,1.0,0.0,0.0,0.0,0.0,1.0,0.0,0.0,1.0,1.0,1.0,0.0,0.0,-1.0,-0.5,0.0,-0.5,-1.5,-0.3333333333333333,15.0,16.0,17.0
0.0,1.0,-2.0,1.0,0.0,1.0,0.0,0.5,2.0,2.0,1.0,1.0,0.0,0.0,0.0,0.0,1.0,0.0,1.0,1.0,1.0,1.0,0.0,1.0,2.0,-1.0,0.0,-0.5,0.5,-0.3333333333333333,12.0,12.0,13.0
0.0,0.0,-2.0,1.0,0.0,1.0,0.5,0.5,4.0,1.0,3.0,1.0,0.0,0.0,0.0,0.0,1.0,0.0,0.0,1.0,1.0,1.0,0.0,-1.0,0.0,0.0,0.0,0.0,-1.0,0.0,14.0,14.0,14.0
0.0,0.0,-2.0,1.0,0.0,1.0,-0.5,-1.0,3.0,2.0,3.0,0.0,2.0,1.0,0.0,0.0,1.0,0.0,1.0,1.0,1.0,1.0,0.0,1.0,-1.0,-0.5,0.0,-0.5,0.0,-0.3333333333333333,10.0,12.0,13.0
0.0,1.0,-2.0,1.0,1.0,1.0,0.5,0.5,1.0,3.0,0.0,0.0,0.0,-1.0,0.0,0.0,1.0,0.0,1.0,1.0,1.0,1.0,0.0,0.0,0.0,0.0,0.0,0.5,0.5,-0.3333333333333333,12.0,13.0,12.0
0.0,1.0,-2.0,1.0,0.0,1.0,0.5,0.0,4.0,2.0,0.0,1.0,1.0,0.0,0.0,0.0,1.0,0.0,0.0,1.0,1.0,1.0,0.0,1.0,1.0,0.0,0.0,0.0,-0.5,-0.3333333333333333,12.0,12.0,13.0
0.0,1.0,-2.0,1.0,0.0,0.0,-0.5,-0.5,2.0,2.0,1.0,2.0,0.0,1.0,0.0,0.0,1.0,0.0,0.0,1.0,1.0,1.0,1.0,0.0,2.0,-0.5,0.0,-0.5,-0.5,-0.3333333333333333,14.0,14.0,15.0
0.0,0.0,-1.0,1.0,0.0,1.0,0.5,0.5,1.0,2.0,1.0,1.0,0.0,-1.0,0.0,0.0,1.0,0.0,0.0,1.0,1.0,1.0,0.0,0.0,1.0,0.5,0.0,0.0,-1.0,0.6666666666666666,17.0,17.0,17.0
0.0,0.0,-1.0,1.0,0.0,1.0,0.5,0.5,3.0,3.0,3.0,1.0,0.0,1.0,0.0,0.0,1.0,0.0,1.0,1.0,1.0,1.0,0.0,-1.0,-1.0,0.0,0.0,0.0,-1.0,1.3333333333333333,13.0,13.0,14.0
0.0,0.0,-1.0,1.0,0.0,1.0,0.0,0.0,2.0,2.0,3.0,1.0,2.0,0.0,0.0,1.0,1.0,0.0,1.0,1.0,1.0,0.0,0.0,1.0,0.0,-0.5,0.0,-0.5,0.0,0.0,13.0,14.0,14.0
0.0,1.0,0.0,1.0,0.0,1.0,0.0,-0.5,3.0,3.0,0.0,1.0,0.0,-1.0,3.0,0.0,1.0,1.0,1.0,1.0,1.0,1.0,0.0,1.0,2.0,1.0,1.0,1.0,0.5,0.0,8.0,8.0,7.0
0.0,1.0,-1.0,1.0,1.0,1.0,0.5,0.0,1.0,2.0,1.0,0.0,0.0,-1.0,0.0,0.0,0.0,0.0,1.0,1.0,1.0,1.0,0.0,-1.0,-2.0,0.0,0.0,0.5,0.5,0.6666666666666666,12.0,12.0,12.0
0.0,1.0,-2.0,1.0,0.0,1.0,0.5,0.0,4.0,2.0,3.0,1.0,0.0,0.0,0.0,0.0,0.0,0.0,0.0,1.0,1.0,1.0,0.0,0.0,1.0,-1.0,0.0,-0.5,-1.5,-0.3333333333333333,12.0,13.0,14.0
0.0,1.0,-2.0,1.0,0.0,1.0,0.5,0.5,1.0,1.0,2.0,0.0,0.0,-1.0,0.0,0.0,1.0,1.0,0.0,1.0,1.0,1.0,0.0,1.0,1.0,-0.5,0.0,-0.5,0.5,-0.3333333333333333,11.0,12.0,12.0
0.0,1.0,-1.0,1.0,1.0,1.0,0.5,-0.5,4.0,2.0,0.0,1.0,0.0,0.0,0.0,0.0,0.0,0.0,1.0,1.0,1.0,1.0,0.0,0.0,2.0,-1.0,0.0,0.5,0.5,-0.3333333333333333,12.0,13.0,14.0
0.0,1.0,-1.0,1.0,1.0,1.0,-0.5,-0.5,2.0,2.0,3.0,1.0,1.0,0.0,0.0,0.0,1.0,0.0,1.0,1.0,1.0,1.0,0.0,1.0,1.0,0.5,1.0,1.0,0.5,0.0,10.0,10.0,10.0
0.0,0.0,-2.0,0.0,0.0,1.0,-0.5,0.5,3.0,1.0,0.0,1.0,0.0,1.0,0.0,1.0,1.0,0.0,1.0,1.0,1.0,1.0,0.0,0.0,0.0,-0.5,0.0,-0.5,0.5,0.0,10.0,11.0,10.0
0.0,0.0,-1.0,1.0,0.0,1.0,-0.5,-0.5,3.0,3.0,1.0,1.0,0.0,-1.0,0.0,0.0,1.0,0.0,0.0,0.0,1.0,1.0,0.0,-3.0,-1.0,-0.5,0.0,0.5,0.5,0.6666666666666666,10.0,11.0,12.0
0.0,1.0,-2.0,1.0,0.0,1.0,-0.5,-0.5,2.0,2.0,1.0,1.0,0.0,-1.0,0.0,0.0,1.0,0.0,0.0,1.0,1.0,1.0,0.0,0.0,-1.0,-0.5,0.0,0.0,0.5,1.0,11.0,12.0,12.0
0.0,1.0,-2.0,1.0,0.0,1.0,0.5,-0.5,1.0,3.0,2.0,1.0,0.0,-1.0,0.0,0.0,0.0,0.0,0.0,1.0,1.0,1.0,0.0,-2.0,-1.0,0.5,1.0,1.0,-1.5,-0.3333333333333333,11.0,11.0,11.0
0.0,1.0,-1.0,1.0,1.0,0.0,0.0,0.5,3.0,2.0,1.0,1.0,0.0,0.0,0.0,1.0,1.0,1.0,1.0,1.0,1.0,1.0,0.0,1.0,0.0,0.0,0.0,-0.5,0.5,0.0,12.0,12.0,13.0
0.0,1.0,-1.0,1.0,0.0,1.0,0.5,0.5,4.0,4.0,1.0,1.0,0.0,0.0,0.0,0.0,1.0,1.0,1.0,1.0,1.0,1.0,1.0,0.0,1.0,1.0,4.0,1.5,0.5,0.3333333333333333,12.0,11.0,12.0
0.0,1.0,-2.0,1.0,0.0,1.0,0.5,0.5,1.0,3.0,1.0,1.0,0.0,0.0,0.0,0.0,1.0,1.0,0.0,0.0,1.0,1.0,0.0,1.0,1.0,-0.5,2.0,1.0,0.5,-0.3333333333333333,10.0,11.0,11.0
0.0,1.0,-2.0,1.0,0.0,1.0,0.5,0.5,3.0,3.0,3.0,1.0,1.0,0.0,0.0,0.0,1.0,0.0,1.0,1.0,1.0,1.0,0.0,0.0,0.0,-1.0,0.0,-0.5,0.5,0.0,15.0,15.0,15.0
0.0,1.0,-2.0,0.0,0.0,1.0,0.5,0.0,4.0,0.0,0.0,1.0,0.0,0.0,0.0,0.0,1.0,0.0,1.0,1.0,1.0,1.0,1.0,0.0,2.0,-0.5,0.0,-0.5,0.5,-0.3333333333333333,13.0,14.0,15.0
0.0,1.0,-2.0,1.0,1.0,1.0,0.0,0.0,2.0,2.0,0.0,1.0,0.0,0.0,0.0,0.0,0.0,0.0,1.0,0.0,1.0,1.0,0.0,1.0,0.0,-0.5,0.0,-0.5,-1.0,-0.3333333333333333,13.0,12.0,12.0
0.0,1.0,-1.0,1.0,0.0,1.0,0.0,-0.5,2.0,2.0,1.0,1.0,0.0,-1.0,0.0,0.0,1.0,0.0,0.0,0.0,1.0,1.0,0.0,1.0,1.0,0.0,0.0,-0.5,0.5,0.3333333333333333,12.0,12.0,12.0
0.0,0.0,-2.0,1.0,0.0,1.0,-0.5,0.0,2.0,2.0,2.0,0.0,1.0,-1.0,0.0,0.0,1.0,0.0,1.0,1.0,1.0,0.0,0.0,-1.0,2.0,-1.0,0.0,-0.5,0.5,0.3333333333333333,11.0,11.0,11.0
0.0,1.0,-2.0,1.0,1.0,1.0,0.5,0.0,4.0,3.0,1.0,1.0,0.0,1.0,0.0,0.0,1.0,0.0,1.0,1.0,1.0,1.0,0.0,1.0,1.0,0.0,0.0,-0.5,0.0,-0.3333333333333333,14.0,14.0,14.0
0.0,1.0,-1.0,0.0,0.0,0.0,0.5,0.5,2.0,4.0,3.0,1.0,1.0,1.0,0.0,0.0,1.0,0.0,1.0,1.0,1.0,1.0,1.0,-2.0,1.0,0.0,0.0,-0.5,0.5,0.3333333333333333,13.0,13.0,13.0
0.0,0.0,-2.0,0.0,0.0,1.0,0.0,0.5,3.0,1.0,0.0,1.0,0.0,1.0,0.0,1.0,1.0,0.0,1.0,1.0,1.0,1.0,0.0,0.0,0.0,-0.5,0.0,-0.5,0.5,0.0,11.0,12.0,12.0
0.0,0.0,-2.0,0.0,0.0,1.0,-0.5,-0.5,0.0,2.0,3.0,1.0,0.0,-1.0,0.0,1.0,1.0,0.0,1.0,1.0,1.0,0.0,0.0,0.0,0.0,-1.0,0.0,-0.5,-1.0,1.0,14.0,13.0,12.0
0.0,0.0,-1.0,1.0,1.0,1.0,-0.5,-0.5,2.0,2.0,1.0,1.0,1.0,0.0,0.0,0.0,1.0,0.0,1.0,0.0,1.0,1.0,1.0,-1.0,0.0,0.0,0.0,0.0,-0.5,2.3333333333333335,11.0,11.0,10.0
0.0,1.0,-2.0,1.0,1.0,1.0,0.5,0.5,4.0,2.0,1.0,2.0,0.0,-1.0,0.0,0.0,1.0,0.0,0.0,0.0,1.0,1.0,1.0,1.0,1.0,0.0,1.0,1.0,0.5,1.0,10.0,11.0,11.0
0.0,1.0,-2.0,1.0,0.0,1.0,0.5,0.5,3.0,4.0,0.0,0.0,0.0,0.0,0.0,0.0,1.0,0.0,1.0,1.0,1.0,1.0,0.0,0.0,0.0,0.0,0.0,-0.5,0.5,-0.3333333333333333,14.0,15.0,15.0
0.0,1.0,-2.0,1.0,0.0,1.0,-0.5,-0.5,3.0,3.0,0.0,0.0,0.0,-1.0,0.0,1.0,1.0,0.0,0.0,1.0,1.0,1.0,0.0,1.0,1.0,-1.0,0.0,-0.5,-1.5,-0.3333333333333333,9.0,10.0,10.0
0.0,0.0,-1.0,1.0,1.0,1.0,-0.5,-0.5,2.0,0.0,0.0,0.0,1.0,0.0,1.0,1.0,0.0,0.0,1.0,1.0,1.0,1.0,0.0,0.0,0.0,0.0,1.0,0.0,0.5,2.0,10.0,11.0,11.0
0.0,0.0,-2.0,1.0,1.0,0.0,0.5,0.0,2.0,2.0,0.0,1.0,0.0,0.0,0.0,1.0,1.0,1.0,1.0,1.0,1.0,1.0,1.0,1.0,-1.0,-0.5,0.0,-0.5,0.5,0.3333333333333333,10.0,11.0,11.0
0.0,0.0,-1.0,1.0,1.0,0.0,0.0,0.0,2.0,3.0,1.0,1.0,0.0,0.0,0.0,0.0,1.0,0.0,0.0,1.0,1.0,1.0,0.0,-2.0,0.0,1.0,0.0,1.0,-0.5,0.6666666666666666,13.0,12.0,13.0
0.0,1.0,-1.0,1.0,0.0,1.0,0.5,0.0,1.0,3.0,3.0,1.0,0.0,2.0,0.0,0.0,0.0,0.0,1.0,1.0,1.0,1.0,0.0,0.0,-1.0,-0.5,0.0,-0.5,-1.0,0.0,17.0,17.0,17.0
0.0,1.0,-2.0,1.0,0.0,1.0,0.5,-0.5,4.0,2.0,1.0,1.0,0.0,0.0,0.0,0.0,1.0,0.0,0.0,1.0,1.0,0.0,0.0,0.0,0.0,0.0,1.0,0.0,0.5,0.3333333333333333,11.0,12.0,13.0
0.0,0.0,-2.0,1.0,0.0,1.0,0.5,0.5,3.0,4.0,2.0,0.0,0.0,0.0,0.0,1.0,1.0,0.0,1.0,0.0,1.0,1.0,0.0,0.0,1.0,0.5,0.0,-0.5,-0.5,0.0,13.0,12.0,12.0
0.0,0.0,-1.0,1.0,1.0,1.0,-0.5,-0.5,3.0,3.0,0.0,1.0,2.0,0.0,0.0,0.0,1.0,0.0,0.0,1.0,1.0,1.0,0.0,0.0,0.0,0.0,1.0,0.5,0.0,-0.3333333333333333,14.0,13.0,13.0
0.0,0.0,-2.0,1.0,1.0,1.0,0.5,-0.5,1.0,2.0,2.0,1.0,0.0,0.0,0.0,0.0,1.0,0.0,0.0,1.0,1.0,1.0,0.0,0.0,0.0,0.0,0.0,-0.5,0.5,-0.3333333333333333,16.0,14.0,16.0
0.0,1.0,-2.0,1.0,1.0,0.0,0.5,-0.5,1.0,1.0,2.0,0.0,1.0,-1.0,0.0,0.0,0.0,0.0,0.0,1.0,1.0,0.0,0.0,1.0,2.0,1.0,2.0,1.0,0.5,0.3333333333333333,10.0,9.0,9.0
0.0,0.0,-2.0,1.0,0.0,1.0,0.5,0.5,3.0,3.0,0.0,1.0,0.0,-1.0,0.0,1.0,1.0,0.0,0.0,1.0,1.0,1.0,0.0,-1.0,0.0,0.5,1.0,0.5,0.5,-0.3333333333333333,13.0,12.0,12.0
0.0,0.0,-2.0,1.0,1.0,0.0,0.0,0.0,2.0,2.0,2.0,1.0,0.0,-1.0,0.0,0.0,0.0,0.0,0.0,1.0,1.0,1.0,0.0,1.0,0.0,0.5,3.0,1.0,-1.5,-0.3333333333333333,13.0,12.0,13.0
0.0,0.0,-1.0,1.0,0.0,0.0,-0.5,-1.0,2.0,2.0,2.0,1.0,0.0,0.0,0.0,0.0,0.0,0.0,1.0,1.0,1.0,1.0,1.0,1.0,0.0,0.5,0.0,-0.5,-1.0,0.0,12.0,13.0,12.0
0.0,0.0,-2.0,1.0,0.0,0.0,0.5,0.0,3.0,3.0,3.0,1.0,0.0,0.0,0.0,0.0,1.0,0.0,1.0,1.0,1.0,1.0,0.0,0.0,0.0,-0.5,0.0,-0.5,-1.5,-0.3333333333333333,15.0,14.0,15.0
0.0,1.0,-2.0,1.0,0.0,1.0,0.5,0.5,4.0,1.0,3.0,1.0,0.0,0.0,0.0,0.0,1.0,0.0,1.0,1.0,1.0,0.0,0.0,-1.0,-1.0,-0.5,0.0,-0.5,0.5,1.0,15.0,15.0,16.0
0.0,1.0,-2.0,1.0,1.0,1.0,-1.0,-0.5,2.0,0.0,1.0,0.0,0.0,0.0,0.0,1.0,1.0,0.0,1.0,1.0,1.0,1.0,0.0,0.0,0.0,-0.5,0.0,-0.5,0.5,-0.3333333333333333,14.0,13.0,14.0
0.0,0.0,-1.0,1.0,0.0,1.0,0.5,-0.5,3.0,2.0,0.0,1.0,0.0,0.0,0.0,0.0,1.0,1.0,0.0,1.0,1.0,1.0,0.0,0.0,-1.0,0.0,0.0,-0.5,0.5,0.0,16.0,15.0,16.0
0.0,0.0,-1.0,0.0,0.0,1.0,0.5,0.5,1.0,4.0,2.0,1.0,0.0,0.0,0.0,0.0,1.0,0.0,1.0,1.0,1.0,0.0,0.0,-2.0,1.0,0.5,1.0,0.5,0.0,-0.3333333333333333,17.0,16.0,16.0
0.0,0.0,-1.0,1.0,0.0,1.0,-1.0,-1.0,3.0,3.0,0.0,0.0,3.0,-1.0,0.0,1.0,1.0,0.0,1.0,0.0,1.0,1.0,1.0,1.0,2.0,1.0,4.0,1.5,0.5,-0.3333333333333333,10.0,10.0,16.0
0.0,0.0,-1.0,1.0,1.0,1.0,-1.0,-0.5,2.0,3.0,3.0,0.0,0.0,0.0,0.0,1.0,0.0,0.0,1.0,1.0,1.0,1.0,0.0,0.0,1.0,0.0,0.0,-0.5,-1.5,-0.3333333333333333,13.0,13.0,10.0
0.0,0.0,-1.0,1.0,0.0,1.0,0.5,0.0,4.0,1.0,1.0,1.0,0.0,1.0,0.0,1.0,1.0,0.0,1.0,1.0,1.0,1.0,0.0,-1.0,1.0,0.5,1.0,1.0,0.0,-0.3333333333333333,14.0,13.0,13.0
0.0,0.0,-2.0,1.0,1.0,1.0,0.5,0.0,3.0,3.0,3.0,0.0,0.0,0.0,0.0,1.0,0.0,0.0,1.0,1.0,1.0,1.0,1.0,0.0,1.0,0.5,1.0,1.0,-1.0,-0.3333333333333333,13.0,12.0,12.0
0.0,0.0,-1.0,1.0,1.0,1.0,0.5,0.0,4.0,3.0,0.0,1.0,2.0,0.0,0.0,0.0,1.0,0.0,1.0,1.0,1.0,1.0,0.0,1.0,1.0,0.0,0.0,0.0,-1.5,0.0,16.0,15.0,16.0
0.0,1.0,-2.0,1.0,0.0,0.0,0.5,0.5,2.0,3.0,3.0,1.0,0.0,2.0,0.0,0.0,1.0,0.0,1.0,0.0,1.0,1.0,1.0,-3.0,0.0,0.0,4.0,1.5,-0.5,-0.3333333333333333,11.0,12.0,12.0
0.0,0.0,-1.0,1.0,0.0,1.0,0.0,-1.0,3.0,2.0,0.0,1.0,0.0,2.0,0.0,1.0,1.0,0.0,0.0,1.0,1.0,1.0,0.0,0.0,0.0,0.0,0.0,0.0,0.5,-0.3333333333333333,10.0,9.0,10.0
0.0,0.0,-2.0,0.0,1.0,1.0,-0.5,-0.5,1.0,3.0,3.0,1.0,1.0,0.0,0.0,1.0,1.0,0.0,0.0,1.0,1.0,1.0,0.0,0.0,-2.0,0.0,0.0,0.5,0.0,-0.3333333333333333,11.0,10.0,11.0
0.0,0.0,-2.0,0.0,1.0,1.0,0.0,-1.0,2.0,2.0,3.0,0.0,1.0,2.0,0.0,0.0,1.0,0.0,0.0,0.0,1.0,1.0,0.0,0.0,1.0,-0.5,1.0,0.5,-0.5,0.6666666666666666,15.0,15.0,15.0
0.0,1.0,-1.0,1.0,0.0,1.0,0.0,-1.0,2.0,2.0,3.0,0.0,1.0,2.0,0.0,0.0,1.0,0.0,0.0,1.0,1.0,1.0,0.0,0.0,0.0,-0.5,0.0,-0.5,0.5,0.0,13.0,11.0,11.0
0.0,1.0,-2.0,1.0,0.0,1.0,0.5,-0.5,2.0,2.0,0.0,1.0,0.0,2.0,0.0,0.0,0.0,0.0,0.0,1.0,1.0,1.0,0.0,-1.0,0.0,0.0,0.0,-0.5,-0.5,-0.3333333333333333,11.0,9.0,10.0
0.0,0.0,-2.0,0.0,0.0,1.0,-1.0,-1.0,2.0,2.0,3.0,1.0,0.0,0.0,0.0,1.0,1.0,0.0,0.0,0.0,1.0,1.0,1.0,-1.0,0.0,0.5,1.0,1.0,0.5,0.0,13.0,11.0,11.0
0.0,1.0,-1.0,1.0,0.0,1.0,0.0,-1.0,2.0,2.0,3.0,1.0,0.0,-1.0,0.0,0.0,0.0,0.0,1.0,1.0,1.0,0.0,0.0,1.0,0.0,-0.5,1.0,0.0,0.5,-0.3333333333333333,13.0,13.0,14.0
0.0,0.0,-1.0,1.0,0.0,1.0,0.0,0.0,2.0,3.0,1.0,1.0,0.0,0.0,0.0,1.0,1.0,0.0,1.0,1.0,1.0,1.0,0.0,0.0,0.0,0.0,1.0,1.0,0.5,0.3333333333333333,11.0,11.0,11.0
0.0,1.0,-2.0,1.0,0.0,1.0,0.5,0.0,4.0,2.0,1.0,1.0,0.0,0.0,0.0,0.0,1.0,0.0,1.0,1.0,1.0,1.0,0.0,0.0,0.0,0.0,1.0,0.5,0.5,-0.3333333333333333,11.0,11.0,11.0
0.0,1.0,-2.0,1.0,0.0,1.0,0.5,-1.5,4.0,2.0,0.0,1.0,1.0,2.0,0.0,0.0,0.0,0.0,1.0,1.0,1.0,1.0,0.0,-1.0,1.0,0.0,0.0,-0.5,-1.5,-0.3333333333333333,12.0,11.0,11.0
0.0,0.0,-1.0,1.0,0.0,1.0,-0.5,-0.5,2.0,2.0,3.0,1.0,0.0,2.0,0.0,0.0,0.0,0.0,0.0,1.0,1.0,1.0,1.0,1.0,-1.0,0.0,0.0,0.5,-0.5,-0.16666666666666666,13.0,13.0,13.0
0.0,1.0,0.0,1.0,0.0,1.0,-0.5,-1.0,2.0,2.0,1.0,1.0,1.0,-1.0,3.0,1.0,1.0,0.0,1.0,1.0,0.0,1.0,0.0,0.0,2.0,-1.0,0.0,-0.5,-0.5,-0.3333333333333333,9.0,9.0,10.0
0.0,1.0,0.0,1.0,0.0,1.0,-0.5,-1.0,2.0,2.0,1.0,1.0,0.0,-1.0,0.0,0.0,1.0,0.0,0.0,1.0,1.0,1.0,0.0,1.0,1.0,1.0,0.0,0.0,0.5,3.3333333333333335,9.0,7.0,6.0
0.0,1.0,0.0,1.0,0.0,1.0,-0.5,-1.0,2.0,2.0,1.0,1.0,1.0,-1.0,3.0,1.0,1.0,0.0,1.0,1.0,0.0,1.0,0.0,0.0,2.0,-1.0,0.0,-0.5,-0.5,-0.3333333333333333,9.0,9.0,10.0
0.0,1.0,0.0,1.0,0.0,1.0,-0.5,-1.0,2.0,2.0,1.0,1.0,0.0,-1.0,0.0,0.0,1.0,0.0,0.0,1.0,1.0,1.0,0.0,1.0,1.0,1.0,0.0,0.0,0.5,3.3333333333333335,9.0,7.0,6.0
0.0,0.0,-1.0,1.0,0.0,1.0,0.0,0.5,0.0,2.0,0.0,1.0,0.0,0.0,0.0,0.0,1.0,0.0,0.0,1.0,1.0,1.0,0.0,-2.0,1.0,0.0,0.0,0.0,-0.5,2.0,12.0,11.0,11.0
0.0,1.0,-2.0,1.0,0.0,1.0,-0.5,0.0,2.0,3.0,0.0,0.0,0.0,-1.0,0.0,1.0,1.0,0.0,1.0,0.0,1.0,1.0,1.0,-1.0,-1.0,-0.5,0.0,0.5,-0.5,-0.3333333333333333,11.0,11.0,12.0
0.0,1.0,-2.0,1.0,0.0,1.0,-0.5,0.0,2.0,2.0,1.0,1.0,0.0,1.0,0.0,1.0,0.0,0.0,0.0,0.0,1.0,1.0,0.0,1.0,0.0,-0.5,0.0,0.0,0.5,0.0,10.0,9.0,9.0
0.0,0.0,-2.0,1.0,1.0,1.0,0.0,-0.5,3.0,2.0,3.0,1.0,0.0,0.0,0.0,0.0,1.0,0.0,0.0,1.0,1.0,1.0,0.0,0.0,1.0,0.5,0.0,-0.5,0.5,0.3333333333333333,12.0,11.0,11.0
0.0,1.0,-2.0,1.0,1.0,1.0,-0.5,-0.5,3.0,3.0,1.0,1.0,1.0,0.0,0.0,0.0,0.0,1.0,1.0,1.0,1.0,1.0,0.0,1.0,0.0,0.0,0.0,0.5,0.0,0.0,13.0,12.0,13.0
0.0,0.0,-2.0,1.0,0.0,1.0,-1.0,-1.0,2.0,2.0,1.0,0.0,0.0,0.0,0.0,0.0,1.0,0.0,1.0,0.0,1.0,1.0,0.0,0.0,0.0,-0.5,1.0,0.5,0.0,0.0,13.0,12.0,12.0
0.0,0.0,-2.0,1.0,0.0,1.0,0.5,0.5,3.0,3.0,3.0,0.0,1.0,0.0,0.0,0.0,0.0,0.0,0.0,1.0,1.0,1.0,1.0,0.0,1.0,0.5,1.0,0.5,0.5,0.3333333333333333,12.0,11.0,12.0
0.0,0.0,-1.0,1.0,1.0,1.0,-0.5,-0.5,0.0,2.0,0.0,1.0,0.0,0.0,0.0,0.0,1.0,0.0,0.0,1.0,1.0,0.0,0.0,0.0,0.0,0.5,0.0,0.0,-1.0,0.6666666666666666,13.0,11.0,11.0
0.0,0.0,-2.0,1.0,0.0,1.0,0.5,-0.5,2.0,2.0,3.0,1.0,0.0,1.0,0.0,0.0,1.0,0.0,1.0,1.0,1.0,1.0,0.0,1.0,0.0,0.0,0.0,0.5,-1.5,0.3333333333333333,15.0,15.0,15.0
0.0,1.0,-1.0,1.0,0.0,1.0,-0.5,-0.5,3.0,2.0,3.0,0.0,1.0,0.0,0.0,0.0,0.0,0.0,1.0,0.0,1.0,1.0,0.0,0.0,1.0,-0.5,0.0,-0.5,-0.5,0.6666666666666666,12.0,10.0,11.0
0.0,1.0,-1.0,1.0,1.0,0.0,0.5,0.5,4.0,1.0,3.0,1.0,0.0,0.0,0.0,0.0,1.0,0.0,0.0,1.0,1.0,0.0,0.0,0.0,-2.0,0.0,2.0,1.5,0.5,0.6666666666666666,9.0,9.0,10.0
0.0,0.0,-1.0,1.0,0.0,1.0,0.0,0.0,2.0,2.0,1.0,1.0,0.0,1.0,0.0,0.0,1.0,0.0,0.0,1.0,1.0,1.0,1.0,0.0,0.0,0.0,0.0,0.5,0.0,0.0,9.0,11.0,11.0
0.0,0.0,-2.0,1.0,0.0,1.0,0.5,0.0,3.0,2.0,3.0,1.0,0.0,-1.0,0.0,0.0,0.0,0.0,1.0,1.0,1.0,1.0,0.0,0.0,2.0,1.0,0.0,0.5,-1.5,0.6666666666666666,14.0,13.0,13.0
0.0,0.0,-1.0,1.0,1.0,1.0,0.0,-1.0,2.0,2.0,1.0,0.0,0.0,0.0,0.0,1.0,1.0,0.0,0.0,1.0,1.0,0.0,0.0,-1.0,0.0,0.0,1.0,0.5,-1.0,-0.3333333333333333,12.0,13.0,12.0
0.0,0.0,-1.0,1.0,0.0,1.0,0.5,-0.5,4.0,3.0,1.0,1.0,1.0,0.0,0.0,0.0,1.0,0.0,1.0,1.0,1.0,1.0,0.0,1.0,0.0,0.0,0.0,-0.5,-1.5,0.0,13.0,14.0,14.0
0.0,1.0,-2.0,1.0,1.0,1.0,-0.5,-0.5,3.0,1.0,3.0,1.0,0.0,2.0,0.0,0.0,1.0,0.0,1.0,1.0,1.0,1.0,0.0,0.0,0.0,0.5,0.0,-0.5,0.0,0.0,11.0,12.0,12.0
0.0,0.0,-2.0,0.0,0.0,1.0,-1.0,-1.0,0.0,2.0,1.0,1.0,1.0,2.0,0.0,1.0,1.0,1.0,1.0,1.0,1.0,1.0,0.0,-1.0,-2.0,-0.5,0.0,-0.5,-1.5,0.3333333333333333,13.0,13.0,13.0
0.0,1.0,-1.0,0.0,0.0,1.0,0.5,0.0,3.0,2.0,3.0,1.0,1.0,-1.0,0.0,1.0,1.0,1.0,1.0,0.0,1.0,1.0,0.0,-1.0,0.0,0.0,0.0,-0.5,0.0,0.6666666666666666,9.0,11.0,11.0
0.0,0.0,-1.0,1.0,0.0,1.0,-0.5,-1.0,2.0,2.0,0.0,1.0,0.0,0.0,0.0,0.0,1.0,0.0,0.0,1.0,1.0,0.0,1.0,0.0,0.0,1.0,0.0,-0.5,0.5,-0.3333333333333333,13.0,12.0,12.0
0.0,0.0,-1.0,1.0,0.0,1.0,0.5,0.5,2.0,2.0,3.0,1.0,0.0,-1.0,0.0,0.0,0.0,0.0,1.0,0.0,1.0,1.0,0.0,1.0,0.0,0.5,0.0,0.0,-1.5,0.3333333333333333,12.0,13.0,13.0
0.0,0.0,-1.0,1.0,0.0,1.0,0.5,0.0,2.0,0.0,0.0,1.0,0.0,1.0,0.0,1.0,1.0,0.0,0.0,1.0,1.0,1.0,0.0,1.0,0.0,1.0,0.0,-0.5,-0.5,0.0,12.0,13.0,13.0
0.0,1.0,-1.0,1.0,0.0,1.0,0.5,0.5,3.0,3.0,2.0,1.0,0.0,-1.0,0.0,1.0,1.0,0.0,1.0,1.0,1.0,1.0,0.0,0.0,2.0,1.0,4.0,1.5,0.0,1.6666666666666667,9.0,9.0,8.0
0.0,1.0,-1.0,1.0,0.0,1.0,0.5,0.5,3.0,4.0,2.0,0.0,0.0,1.0,0.0,0.0,1.0,0.0,1.0,1.0,1.0,1.0,1.0,0.0,1.0,0.0,0.0,-0.5,0.0,-0.3333333333333333,16.0,16.0,16.0
0.0,1.0,-2.0,1.0,0.0,1.0,0.5,0.5,3.0,2.0,0.0,1.0,0.0,-1.0,0.0,0.0,1.0,1.0,1.0,0.0,1.0,1.0,0.0,1.0,0.0,0.0,0.0,-0.5,0.5,0.0,12.0,13.0,12.0
0.0,0.0,-2.0,1.0,0.0,1.0,0.0,-0.5,3.0,2.0,1.0,1.0,1.0,0.0,0.0,1.0,1.0,0.0,0.0,1.0,1.0,1.0,0.0,0.0,0.0,1.0,0.0,-0.5,-1.0,2.3333333333333335,11.0,10.0,10.0
0.0,1.0,-2.0,1.0,0.0,0.0,0.0,0.5,3.0,2.0,0.0,1.0,0.0,0.0,0.0,0.0,1.0,0.0,1.0,1.0,1.0,1.0,0.0,1.0,1.0,0.5,0.0,-0.5,-1.5,-0.3333333333333333,16.0,16.0,16.0
0.0,0.0,-2.0,1.0,0.0,0.0,0.0,0.0,2.0,1.0,3.0,0.0,0.0,2.0,0.0,1.0,0.0,0.0,0.0,1.0,1.0,0.0,0.0,0.0,0.0,0.0,0.0,-0.5,0.0,1.3333333333333333,10.0,10.0,10.0
0.0,0.0,-2.0,1.0,0.0,1.0,-0.5,-0.5,2.0,2.0,0.0,1.0,0.0,2.0,0.0,1.0,1.0,0.0,0.0,1.0,1.0,1.0,0.0,1.0,-2.0,-0.5,0.0,-0.5,-0.5,0.3333333333333333,10.0,10.0,10.0
0.0,1.0,-1.0,1.0,0.0,1.0,0.0,0.0,3.0,2.0,1.0,0.0,0.0,1.0,0.0,0.0,1.0,0.0,1.0,1.0,1.0,1.0,0.0,1.0,0.0,0.0,0.0,-0.5,0.5,0.3333333333333333,13.0,14.0,14.0
0.0,1.0,-1.0,1.0,0.0,1.0,0.0,0.0,3.0,2.0,1.0,1.0,0.0,0.0,0.0,0.0,0.0,0.0,1.0,1.0,1.0,1.0,1.0,0.0,-1.0,0.0,0.0,0.0,-0.5,-0.3333333333333333,11.0,12.0,13.0
0.0,1.0,-1.0,1.0,0.0,1.0,0.0,0.0,3.0,2.0,1.0,0.0,0.0,1.0,0.0,0.0,1.0,0.0,1.0,1.0,1.0,1.0,0.0,1.0,0.0,0.0,0.0,-0.5,0.5,0.3333333333333333,13.0,14.0,14.0
0.0,1.0,-1.0,1.0,0.0,1.0,0.0,0.0,3.0,2.0,1.0,1.0,0.0,0.0,0.0,0.0,0.0,0.0,1.0,1.0,1.0,1.0,1.0,0.0,-1.0,0.0,0.0,0.0,-0.5,-0.3333333333333333,11.0,12.0,13.0
0.0,1.0,-2.0,0.0,0.0,1.0,0.5,0.5,2.0,2.0,1.0,0.0,3.0,2.0,0.0,0.0,1.0,0.0,1.0,1.0,1.0,1.0,1.0,-3.0,0.0,1.0,2.0,1.5,-1.5,1.0,12.0,10.0,11.0
0.0,0.0,-1.0,1.0,1.0,1.0,0.5,0.5,1.0,1.0,2.0,1.0,0.0,1.0,0.0,0.0,1.0,0.0,1.0,1.0,1.0,1.0,1.0,1.0,1.0,1.0,0.0,-0.5,0.0,0.0,15.0,15.0,14.0
0.0,1.0,-2.0,1.0,1.0,0.0,0.5,0.5,4.0,4.0,0.0,1.0,0.0,-1.0,0.0,0.0,0.0,0.0,1.0,1.0,1.0,1.0,0.0,1.0,2.0,0.0,0.0,-0.5,0.0,0.3333333333333333,13.0,14.0,14.0
0.0,0.0,-1.0,0.0,0.0,1.0,0.0,0.0,3.0,2.0,3.0,0.0,0.0,1.0,0.0,1.0,1.0,0.0,1.0,1.0,1.0,1.0,0.0,0.0,-2.0,-0.5,0.0,-0.5,-1.0,0.3333333333333333,11.0,11.0,11.0
0.0,0.0,-1.0,1.0,0.0,1.0,-0.5,-0.5,0.0,2.0,1.0,1.0,0.0,0.0,1.0,1.0,0.0,0.0,1.0,1.0,1.0,1.0,0.0,-1.0,-2.0,-0.5,0.0,-0.5,0.5,1.6666666666666667,8.0,10.0,10.0
0.0,1.0,-2.0,1.0,1.0,1.0,0.5,-0.5,4.0,2.0,0.0,1.0,0.0,-1.0,0.0,0.0,0.0,0.0,0.0,1.0,1.0,1.0,0.0,-1.0,2.0,-0.5,0.0,-0.5,-0.5,1.3333333333333333,18.0,17.0,18.0
0.0,1.0,-2.0,0.0,0.0,1.0,-0.5,-1.0,1.0,3.0,3.0,1.0,0.0,0.0,0.0,0.0,0.0,0.0,1.0,1.0,1.0,1.0,1.0,1.0,1.0,-0.5,0.0,-0.5,0.5,0.3333333333333333,10.0,9.0,10.0
0.0,1.0,-1.0,1.0,0.0,1.0,0.5,0.5,4.0,4.0,0.0,0.0,0.0,0.0,0.0,0.0,1.0,0.0,1.0,1.0,1.0,1.0,0.0,1.0,1.0,0.5,0.0,0.0,0.5,0.6666666666666666,16.0,14.0,14.0
0.0,1.0,-1.0,1.0,0.0,1.0,0.5,0.5,4.0,4.0,0.0,1.0,0.0,-1.0,0.0,0.0,1.0,0.0,0.0,1.0,0.0,1.0,1.0,-1.0,0.0,-0.5,1.0,-0.5,0.5,2.3333333333333335,9.0,9.0,8.0
0.0,1.0,-1.0,1.0,0.0,1.0,0.5,0.5,4.0,4.0,0.0,0.0,0.0,0.0,0.0,0.0,1.0,0.0,1.0,1.0,1.0,1.0,0.0,1.0,1.0,0.5,0.0,0.0,0.5,0.6666666666666666,16.0,14.0,14.0
0.0,1.0,-1.0,1.0,0.0,1.0,0.5,0.5,4.0,4.0,0.0,1.0,0.0,-1.0,0.0,0.0,1.0,0.0,0.0,1.0,0.0,1.0,1.0,-1.0,0.0,-0.5,1.0,-0.5,0.5,2.3333333333333335,9.0,9.0,8.0
0.0,1.0,-2.0,1.0,0.0,1.0,0.5,0.5,2.0,4.0,3.0,0.0,1.0,0.0,0.0,0.0,1.0,0.0,1.0,1.0,1.0,0.0,0.0,0.0,1.0,0.0,0.0,-0.5,-1.0,0.3333333333333333,16.0,15.0,16.0
0.0,1.0,-1.0,1.0,0.0,1.0,0.0,0.0,2.0,3.0,1.0,0.0,1.0,-1.0,0.0,0.0,0.0,0.0,1.0,1.0,1.0,1.0,0.0,1.0,1.0,-0.5,0.0,-0.5,0.5,0.6666666666666666,14.0,14.0,15.0
0.0,1.0,0.0,0.0,0.0,1.0,-1.0,0.0,2.0,2.0,0.0,0.0,2.0,0.0,1.0,0.0,1.0,0.0,1.0,1.0,1.0,1.0,0.0,1.0,-1.0,0.5,0.0,1.0,0.5,2.0,12.0,11.0,11.0
0.0,1.0,-2.0,1.0,0.0,1.0,0.0,0.5,2.0,2.0,3.0,0.0,0.0,-1.0,0.0,0.0,0.0,0.0,0.0,1.0,1.0,1.0,0.0,-1.0,1.0,0.0,0.0,0.0,0.0,0.0,14.0,13.0,14.0
0.0,0.0,-2.0,1.0,0.0,1.0,-1.0,-0.5,0.0,3.0,0.0,1.0,0.0,0.0,0.0,0.0,0.0,0.0,0.0,0.0,1.0,1.0,0.0,-1.0,-1.0,0.0,0.0,0.0,-1.5,-0.3333333333333333,14.0,14.0,14.0
0.0,1.0,-2.0,1.0,0.0,1.0,-0.5,-0.5,3.0,3.0,1.0,0.0,0.0,2.0,0.0,0.0,1.0,0.0,1.0,1.0,1.0,1.0,0.0,1.0,2.0,0.5,0.0,0.0,0.5,0.6666666666666666,14.0,13.0,13.0
0.0,0.0,-1.0,1.0,1.0,1.0,-0.5,0.5,2.0,1.0,0.0,0.0,1.0,0.0,0.0,0.0,1.0,0.0,1.0,1.0,1.0,1.0,1.0,0.0,-1.0,-0.5,0.0,0.0,0.5,0.0,14.0,12.0,13.0
0.0,1.0,-1.0,1.0,0.0,1.0,0.5,0.5,1.0,2.0,0.0,1.0,0.0,-1.0,0.0,0.0,1.0,0.0,1.0,1.0,1.0,1.0,0.0,-1.0,1.0,0.5,0.0,1.0,0.5,0.3333333333333333,12.0,13.0,13.0
0.0,0.0,-1.0,1.0,0.0,1.0,-0.5,-0.5,2.0,2.0,1.0,1.0,0.0,0.0,0.0,0.0,0.0,0.0,0.0,1.0,1.0,1.0,1.0,1.0,1.0,0.5,0.0,-0.5,0.5,-0.3333333333333333,12.0,11.0,11.0
0.0,1.0,-2.0,1.0,0.0,1.0,0.0,0.5,3.0,3.0,1.0,0.0,0.0,-1.0,0.0,1.0,0.0,0.0,0.0,1.0,1.0,1.0,0.0,1.0,2.0,1.0,2.0,0.0,0.5,0.0,9.0,9.0,9.0
0.0,0.0,-2.0,1.0,1.0,0.0,0.0,0.5,2.0,2.0,1.0,1.0,0.0,0.0,0.0,1.0,0.0,0.0,1.0,1.0,1.0,1.0,1.0,1.0,0.0,-0.5,0.0,-0.5,-1.5,-0.3333333333333333,10.0,11.0,11.0
0.0,0.0,2.0,1.0,0.0,1.0,-1.5,-1.0,0.0,2.0,0.0,2.0,0.0,0.0,2.0,0.0,1.0,0.0,0.0,0.0,0.0,0.0,0.0,-1.0,1.0,-0.5,0.0,-0.5,0.5,-0.3333333333333333,9.0,10.0,11.0
0.0,1.0,-1.0,0.0,0.0,1.0,0.5,0.5,4.0,4.0,0.0,1.0,0.0,-1.0,0.0,0.0,0.0,0.0,1.0,1.0,1.0,1.0,0.0,-1.0,2.0,1.0,1.0,1.5,0.0,1.0,14.0,14.0,15.0
0.0,0.0,-2.0,0.0,0.0,1.0,0.0,0.5,3.0,4.0,0.0,0.0,1.0,1.0,0.0,0.0,1.0,0.0,0.0,1.0,1.0,1.0,1.0,0.0,-1.0,-0.5,1.0,0.0,0.5,-0.3333333333333333,10.0,11.0,12.0
0.0,0.0,-2.0,1.0,0.0,1.0,-1.0,-1.0,0.0,2.0,0.0,1.0,2.0,-1.0,0.0,0.0,1.0,0.0,1.0,0.0,1.0,1.0,1.0,0.0,0.0,0.0,0.0,0.0,0.0,0.6666666666666666,11.0,12.0,13.0
0.0,0.0,0.0,1.0,1.0,1.0,-0.5,-0.5,2.0,2.0,0.0,0.0,0.0,-1.0,0.0,0.0,1.0,0.0,0.0,1.0,1.0,1.0,1.0,-1.0,1.0,0.5,0.0,0.5,0.5,0.0,13.0,12.0,12.0
0.0,0.0,-1.0,1.0,0.0,0.0,0.0,0.5,3.0,2.0,0.0,0.0,0.0,-1.0,0.0,0.0,0.0,0.0,0.0,1.0,1.0,1.0,0.0,-1.0,-1.0,-1.0,0.0,1.0,0.5,1.6666666666666667,15.0,13.0,14.0
0.0,1.0,-2.0,0.0,0.0,1.0,0.0,0.5,0.0,4.0,0.0,1.0,3.0,0.0,0.0,0.0,1.0,0.0,0.0,1.0,1.0,0.0,1.0,1.0,0.0,0.0,0.0,-0.5,0.5,0.0,12.0,11.0,11.0
0.0,0.0,-2.0,1.0,0.0,1.0,0.5,0.5,3.0,0.0,0.0,1.0,0.0,1.0,0.0,0.0,1.0,0.0,1.0,1.0,1.0,1.0,1.0,0.0,0.0,0.0,0.0,-0.5,0.5,0.3333333333333333,13.0,14.0,15.0
0.0,1.0,0.0,0.0,0.0,1.0,0.0,0.5,0.0,2.0,0.0,1.0,2.0,0.0,0.0,0.0,0.0,0.0,0.0,1.0,1.0,0.0,0.0,1.0,1.0,1.0,1.0,1.0,0.5,0.0,10.0,9.0,10.0
0.0,0.0,-1.0,1.0,0.0,0.0,0.0,0.0,2.0,2.0,0.0,2.0,1.0,-1.0,0.0,0.0,1.0,0.0,1.0,0.0,1.0,1.0,1.0,0.0,0.0,-0.5,0.0,-0.5,0.5,0.3333333333333333,9.0,9.0,10.0
0.0,1.0,-1.0,1.0,1.0,1.0,-1.0,-1.0,3.0,2.0,0.0,1.0,0.0,0.0,2.0,0.0,0.0,0.0,0.0,1.0,1.0,0.0,1.0,0.0,1.0,0.5,0.0,0.5,0.5,-0.3333333333333333,10.0,10.0,10.0
0.0,0.0,-2.0,1.0,0.0,1.0,0.5,0.5,4.0,4.0,0.0,1.0,1.0,-1.0,0.0,0.0,0.0,0.0,1.0,1.0,1.0,1.0,0.0,0.0,0.0,-0.5,0.0,-0.5,0.5,0.6666666666666666,13.0,14.0,14.0
0.0,1.0,-2.0,1.0,0.0,1.0,0.5,0.0,4.0,3.0,0.0,0.0,1.0,2.0,0.0,1.0,1.0,0.0,0.0,1.0,1.0,1.0,0.0,-2.0,-1.0,-0.5,0.0,-0.5,-0.5,0.6666666666666666,9.0,11.0,11.0
0.0,1.0,-1.0,1.0,1.0,1.0,-0.5,-0.5,3.0,3.0,3.0,0.0,1.0,-1.0,0.0,0.0,1.0,0.0,1.0,1.0,1.0,1.0,0.0,-2.0,0.0,0.0,1.0,0.0,-1.0,0.3333333333333333,12.0,11.0,11.0
0.0,0.0,-2.0,1.0,0.0,1.0,0.5,0.5,4.0,3.0,0.0,1.0,0.0,1.0,0.0,0.0,1.0,0.0,1.0,1.0,1.0,1.0,0.0,0.0,-1.0,-0.5,0.0,-0.5,0.5,0.0,13.0,13.0,13.0
0.0,0.0,-1.0,1.0,1.0,1.0,-1.0,-1.0,0.0,0.0,0.0,1.0,0.0,-1.0,0.0,0.0,0.0,0.0,0.0,1.0,1.0,1.0,0.0,-1.0,1.0,0.5,2.0,0.5,-1.5,0.3333333333333333,10.0,11.0,11.0
0.0,0.0,-2.0,1.0,0.0,1.0,-1.0,-1.0,2.0,3.0,0.0,0.0,0.0,0.0,0.0,0.0,1.0,0.0,0.0,1.0,1.0,1.0,0.0,0.0,1.0,-0.5,0.0,0.0,0.5,-0.3333333333333333,12.0,12.0,12.0
0.0,0.0,-2.0,1.0,0.0,1.0,0.0,-0.5,1.0,3.0,1.0,0.0,0.0,0.0,1.0,0.0,1.0,0.0,0.0,1.0,1.0,1.0,0.0,-1.0,0.0,-0.5,0.0,-0.5,-0.5,0.0,11.0,11.0,11.0
0.0,0.0,-2.0,1.0,0.0,1.0,-1.0,-0.5,0.0,2.0,0.0,1.0,0.0,0.0,0.0,0.0,1.0,0.0,0.0,0.0,1.0,1.0,0.0,0.0,0.0,-0.5,0.0,-0.5,0.5,0.6666666666666666,13.0,12.0,13.0
0.0,1.0,-2.0,1.0,1.0,0.0,-0.5,-1.0,3.0,2.0,0.0,1.0,3.0,-1.0,0.0,0.0,0.0,0.0,0.0,1.0,1.0,1.0,0.0,0.0,2.0,1.0,1.0,1.5,0.5,-0.3333333333333333,12.0,11.0,11.0
0.0,1.0,1.0,1.0,1.0,1.0,-1.0,-1.0,2.0,2.0,0.0,1.0,0.0,-1.0,2.0,0.0,0.0,0.0,0.0,1.0,0.0,1.0,1.0,-2.0,0.0,1.0,1.0,1.5,0.0,-0.3333333333333333,11.0,9.0,0.0
0.0,1.0,-1.0,1.0,1.0,1.0,-0.5,-1.0,0.0,2.0,0.0,1.0,0.0,-1.0,1.0,0.0,0.0,0.0,1.0,1.0,1.0,0.0,1.0,0.0,1.0,0.5,2.0,1.5,0.5,0.6666666666666666,9.0,10.0,10.0
0.0,0.0,-2.0,0.0,0.0,1.0,0.0,0.0,3.0,3.0,3.0,2.0,1.0,1.0,0.0,0.0,1.0,1.0,1.0,1.0,1.0,1.0,1.0,0.0,-1.0,-1.0,1.0,0.5,-0.5,0.0,13.0,13.0,13.0
0.0,1.0,2.0,1.0,0.0,1.0,0.0,-0.5,3.0,0.0,1.0,1.0,0.0,-1.0,0.0,0.0,1.0,0.0,0.0,1.0,0.0,1.0,1.0,0.0,2.0,0.5,0.0,-0.5,0.0,0.6666666666666666,11.0,9.0,11.0
0.0,0.0,0.0,1.0,0.0,1.0,0.5,0.5,2.0,4.0,0.0,1.0,0.0,-1.0,0.0,1.0,1.0,0.0,0.0,1.0,1.0,0.0,1.0,0.0,-1.0,-1.0,0.0,-0.5,0.0,-0.3333333333333333,13.0,13.0,13.0
0.0,1.0,-2.0,0.0,0.0,1.0,-0.5,0.0,0.0,3.0,0.0,1.0,0.0,0.0,0.0,1.0,0.0,1.0,1.0,1.0,1.0,0.0,0.0,0.0,1.0,0.5,0.0,-0.5,-1.5,-0.3333333333333333,7.0,8.0,8.0
0.0,1.0,0.0,0.0,1.0,1.0,-1.0,-0.5,2.0,2.0,3.0,1.0,0.0,-1.0,3.0,0.0,0.0,0.0,0.0,1.0,1.0,0.0,0.0,-2.0,-1.0,-0.5,2.0,0.5,0.5,2.0,9.0,8.0,10.0
0.0,0.0,1.0,0.0,0.0,1.0,-1.0,-1.0,0.0,2.0,0.0,1.0,2.0,-1.0,3.0,0.0,1.0,0.0,1.0,0.0,1.0,0.0,0.0,1.0,-1.0,1.0,0.0,1.5,0.0,0.6666666666666666,11.0,10.0,11.0
0.0,1.0,-1.0,0.0,0.0,1.0,-0.5,-0.5,0.0,2.0,0.0,1.0,2.0,-1.0,0.0,0.0,0.0,0.0,0.0,0.0,1.0,0.0,0.0,0.0,-1.0,-0.5,0.0,0.0,-0.5,0.3333333333333333,12.0,10.0,11.0
0.0,1.0,-1.0,1.0,0.0,1.0,0.0,0.0,2.0,3.0,0.0,0.0,0.0,0.0,1.0,0.0,1.0,0.0,0.0,1.0,1.0,1.0,1.0,0.0,2.0,1.0,3.0,1.0,0.5,-0.3333333333333333,10.0,10.0,1.0
0.0,1.0,0.0,0.0,1.0,1.0,-0.5,-1.0,0.0,2.0,0.0,1.0,1.0,-1.0,1.0,0.0,0.0,1.0,1.0,1.0,0.0,1.0,1.0,-1.0,0.0,-0.5,1.0,0.0,0.5,1.0,8.0,8.0,9.0
0.0,1.0,0.0,0.0,1.0,1.0,-1.0,-1.0,2.0,3.0,0.0,1.0,3.0,0.0,0.0,0.0,0.0,0.0,1.0,1.0,0.0,0.0,1.0,1.0,0.0,1.0,0.0,1.5,0.5,-0.3333333333333333,8.0,8.0,8.0
0.0,1.0,-1.0,1.0,0.0,1.0,-0.5,-0.5,2.0,2.0,0.0,0.0,0.0,0.0,0.0,0.0,0.0,0.0,0.0,1.0,0.0,1.0,0.0,0.0,0.0,1.0,1.0,1.0,0.0,-0.3333333333333333,9.0,10.0,11.0
0.0,0.0,-1.0,1.0,0.0,1.0,0.5,-0.5,1.0,3.0,1.0,0.0,0.0,0.0,0.0,0.0,0.0,0.0,0.0,1.0,1.0,1.0,1.0,0.0,-1.0,0.0,0.0,-0.5,-0.5,-0.3333333333333333,17.0,17.0,18.0
0.0,0.0,-1.0,1.0,0.0,1.0,-0.5,-0.5,2.0,2.0,1.0,1.0,0.0,0.0,0.0,0.0,1.0,0.0,0.0,0.0,1.0,1.0,0.0,1.0,-2.0,1.0,0.0,-0.5,0.0,-0.3333333333333333,12.0,12.0,13.0
0.0,0.0,-1.0,1.0,0.0,1.0,0.5,0.5,1.0,1.0,3.0,1.0,0.0,0.0,0.0,0.0,1.0,0.0,0.0,1.0,1.0,1.0,1.0,0.0,1.0,-0.5,0.0,-0.5,-0.5,-0.3333333333333333,16.0,16.0,17.0
0.0,1.0,-1.0,1.0,0.0,1.0,0.0,0.5,2.0,2.0,0.0,0.0,2.0,-1.0,1.0,0.0,1.0,0.0,1.0,0.0,1.0,1.0,0.0,-1.0,1.0,1.0,1.0,1.0,-1.0,0.3333333333333333,9.0,9.0,10.0
0.0,1.0,-1.0,1.0,0.0,1.0,-1.0,-1.5,2.0,2.0,3.0,1.0,1.0,0.0,0.0,0.0,1.0,0.0,1.0,1.0,1.0,1.0,1.0,0.0,0.0,-0.5,0.0,-0.5,-0.5,-0.3333333333333333,16.0,17.0,18.0
0.0,1.0,0.0,1.0,1.0,1.0,0.5,0.5,4.0,2.0,3.0,1.0,0.0,0.0,0.0,0.0,1.0,0.0,1.0,1.0,1.0,1.0,0.0,0.0,1.0,0.5,0.0,0.5,0.5,-0.3333333333333333,11.0,9.0,10.0
0.0,0.0,-1.0,1.0,0.0,1.0,-1.0,0.0,0.0,3.0,1.0,1.0,0.0,0.0,0.0,0.0,0.0,0.0,1.0,0.0,1.0,1.0,1.0,0.0,0.0,1.0,0.0,-0.5,-0.5,-0.3333333333333333,14.0,13.0,13.0
0.0,0.0,-1.0,1.0,1.0,1.0,0.0,0.0,2.0,2.0,3.0,1.0,1.0,0.0,0.0,0.0,1.0,0.0,1.0,1.0,1.0,1.0,0.0,0.0,1.0,1.0,0.0,-0.5,0.0,-0.3333333333333333,14.0,14.0,15.0
0.0,1.0,0.0,1.0,1.0,1.0,0.5,0.0,4.0,2.0,0.0,1.0,1.0,0.0,0.0,0.0,0.0,0.0,1.0,1.0,1.0,1.0,0.0,0.0,1.0,0.5,3.0,1.0,0.0,-0.3333333333333333,10.0,11.0,11.0
0.0,0.0,-1.0,1.0,0.0,1.0,-0.5,-0.5,3.0,2.0,3.0,1.0,1.0,0.0,0.0,0.0,0.0,0.0,1.0,0.0,1.0,1.0,0.0,-1.0,1.0,0.5,0.0,1.0,0.5,-0.3333333333333333,13.0,12.0,14.0
0.0,1.0,0.0,1.0,0.0,1.0,0.0,0.0,2.0,2.0,3.0,0.0,0.0,0.0,0.0,0.0,0.0,0.0,1.0,0.0,1.0,1.0,0.0,0.0,0.0,0.5,0.0,1.0,0.0,0.3333333333333333,11.0,9.0,10.0
0.0,1.0,-1.0,0.0,0.0,1.0,0.5,-0.5,4.0,3.0,2.0,1.0,0.0,-1.0,0.0,0.0,1.0,0.0,1.0,1.0,1.0,1.0,1.0,0.0,0.0,0.0,2.0,1.0,-0.5,1.0,10.0,9.0,11.0
0.0,1.0,0.0,1.0,0.0,1.0,0.5,0.0,2.0,2.0,0.0,1.0,0.0,0.0,0.0,0.0,1.0,1.0,1.0,1.0,1.0,1.0,1.0,1.0,-1.0,0.0,0.0,-0.5,-1.0,0.3333333333333333,11.0,11.0,13.0
0.0,1.0,-1.0,1.0,0.0,1.0,0.5,0.0,4.0,2.0,1.0,1.0,0.0,0.0,0.0,0.0,1.0,1.0,1.0,1.0,1.0,1.0,0.0,-1.0,1.0,0.0,1.0,0.5,-0.5,0.3333333333333333,11.0,10.0,11.0
0.0,0.0,0.0,1.0,0.0,1.0,-0.5,0.5,3.0,3.0,3.0,0.0,0.0,0.0,0.0,0.0,1.0,0.0,1.0,1.0,1.0,0.0,0.0,1.0,1.0,-0.5,1.0,0.5,0.5,-0.3333333333333333,17.0,18.0,17.0
0.0,0.0,0.0,1.0,1.0,1.0,0.0,0.0,2.0,2.0,3.0,1.0,0.0,0.0,0.0,0.0,1.0,0.0,1.0,1.0,1.0,1.0,1.0,1.0,0.0,0.0,1.0,0.5,-1.5,5.0,14.0,13.0,14.0
0.0,0.0,-1.0,1.0,0.0,1.0,0.0,-0.5,2.0,2.0,3.0,1.0,0.0,0.0,0.0,0.0,1.0,0.0,0.0,1.0,1.0,1.0,0.0,-3.0,-1.0,-0.5,0.0,0.0,-1.5,1.0,14.0,15.0,16.0
0.0,1.0,0.0,1.0,0.0,1.0,0.0,0.0,3.0,3.0,2.0,1.0,0.0,0.0,0.0,0.0,1.0,0.0,1.0,1.0,1.0,1.0,1.0,0.0,0.0,0.5,1.0,0.5,0.0,0.6666666666666666,11.0,13.0,14.0
0.0,1.0,-1.0,1.0,0.0,1.0,-1.0,-0.5,3.0,3.0,2.0,1.0,0.0,-1.0,0.0,0.0,1.0,0.0,1.0,1.0,1.0,1.0,1.0,-1.0,0.0,0.0,0.0,0.0,-0.5,-0.3333333333333333,10.0,9.0,11.0
0.0,1.0,-1.0,1.0,1.0,1.0,-0.5,-1.0,2.0,2.0,0.0,1.0,0.0,0.0,0.0,0.0,0.0,0.0,1.0,1.0,1.0,1.0,1.0,0.0,-1.0,0.0,0.0,0.0,0.5,-0.3333333333333333,13.0,14.0,16.0
0.0,0.0,0.0,1.0,0.0,0.0,0.0,0.0,1.0,2.0,3.0,1.0,0.0,0.0,0.0,0.0,1.0,0.0,0.0,0.0,1.0,1.0,1.0,-1.0,0.0,0.0,0.0,0.5,-0.5,1.3333333333333333,12.0,13.0,14.0
0.0,1.0,0.0,0.0,0.0,1.0,-1.0,-0.5,0.0,2.0,1.0,1.0,0.0,0.0,0.0,0.0,0.0,0.0,0.0,1.0,1.0,0.0,0.0,-1.0,-2.0,0.0,0.0,1.5,-0.5,0.6666666666666666,9.0,9.0,10.0
0.0,0.0,-1.0,1.0,0.0,1.0,-0.5,0.0,3.0,3.0,0.0,1.0,0.0,0.0,0.0,0.0,0.0,0.0,0.0,1.0,1.0,1.0,0.0,0.0,0.0,0.0,0.0,-0.5,-1.0,0.6666666666666666,12.0,12.0,13.0
0.0,0.0,0.0,1.0,0.0,1.0,-1.0,-1.0,0.0,3.0,0.0,1.0,0.0,0.0,0.0,0.0,0.0,0.0,1.0,1.0,1.0,1.0,0.0,1.0,0.0,0.0,0.0,-0.5,-0.5,-0.3333333333333333,12.0,11.0,12.0
0.0,1.0,0.0,1.0,0.0,1.0,-1.0,-0.5,0.0,3.0,2.0,2.0,1.0,0.0,0.0,0.0,0.0,0.0,1.0,0.0,1.0,1.0,0.0,0.0,1.0,0.5,3.0,1.5,0.5,2.3333333333333335,10.0,11.0,12.0
0.0,1.0,-1.0,0.0,0.0,1.0,0.0,0.0,3.0,3.0,3.0,1.0,0.0,-1.0,0.0,0.0,1.0,0.0,1.0,1.0,1.0,1.0,0.0,0.0,0.0,-0.5,2.0,1.0,0.5,-0.3333333333333333,11.0,10.0,10.0
0.0,1.0,-1.0,1.0,0.0,1.0,-0.5,0.0,2.0,2.0,1.0,0.0,1.0,-1.0,0.0,0.0,0.0,0.0,0.0,1.0,1.0,1.0,0.0,1.0,0.0,0.0,0.0,-0.5,-0.5,-0.3333333333333333,13.0,12.0,12.0
0.0,0.0,0.0,1.0,1.0,1.0,-0.5,0.5,3.0,3.0,0.0,0.0,0.0,0.0,0.0,0.0,0.0,0.0,1.0,1.0,1.0,1.0,1.0,0.0,0.0,-0.5,0.0,-0.5,0.5,1.0,14.0,15.0,16.0
0.0,1.0,0.0,1.0,0.0,1.0,0.5,0.5,3.0,4.0,1.0,1.0,0.0,-1.0,0.0,0.0,0.0,0.0,0.0,1.0,1.0,1.0,0.0,1.0,-1.0,0.0,0.0,0.0,0.5,0.3333333333333333,13.0,13.0,14.0
0.0,1.0,-1.0,0.0,1.0,1.0,0.0,0.0,4.0,2.0,1.0,0.0,2.0,-1.0,0.0,0.0,1.0,0.0,1.0,1.0,1.0,1.0,0.0,-1.0,0.0,0.5,2.0,1.5,-0.5,2.3333333333333335,10.0,11.0,12.0
0.0,0.0,0.0,1.0,0.0,1.0,0.5,0.5,3.0,4.0,1.0,1.0,1.0,-1.0,1.0,0.0,1.0,0.0,0.0,1.0,1.0,1.0,0.0,0.0,-1.0,0.5,1.0,0.5,-1.0,4.666666666666667,14.0,15.0,16.0
0.0,0.0,-1.0,1.0,1.0,1.0,0.5,0.5,4.0,4.0,3.0,1.0,0.0,0.0,0.0,0.0,1.0,0.0,0.0,1.0,1.0,1.0,0.0,0.0,2.0,-0.5,0.0,0.0,-0.5,-0.3333333333333333,11.0,10.0,11.0
0.0,0.0,-1.0,1.0,0.0,1.0,0.5,0.0,1.0,2.0,1.0,1.0,0.0,0.0,0.0,0.0,1.0,0.0,1.0,1.0,1.0,1.0,0.0,0.0,0.0,1.0,0.0,1.5,-1.0,0.0,14.0,14.0,15.0
0.0,0.0,-1.0,1.0,0.0,1.0,-0.5,0.0,2.0,2.0,3.0,1.0,0.0,0.0,0.0,1.0,1.0,0.0,1.0,1.0,1.0,0.0,0.0,0.0,1.0,0.0,0.0,0.5,0.0,0.3333333333333333,11.0,12.0,12.0
0.0,0.0,0.0,1.0,0.0,1.0,-1.0,-1.0,2.0,2.0,0.0,1.0,0.0,0.0,0.0,0.0,1.0,0.0,0.0,0.0,1.0,0.0,0.0,0.0,1.0,0.5,0.0,0.5,-1.5,-0.3333333333333333,14.0,15.0,15.0
0.0,0.0,0.0,0.0,0.0,1.0,-0.5,-0.5,2.0,2.0,3.0,1.0,0.0,-1.0,0.0,0.0,1.0,0.0,0.0,1.0,1.0,1.0,0.0,1.0,0.0,-0.5,0.0,0.0,-0.5,3.1666666666666665,13.0,13.0,13.0
0.0,0.0,-1.0,0.0,0.0,1.0,-0.5,-0.5,3.0,3.0,3.0,1.0,1.0,2.0,0.0,0.0,1.0,0.0,1.0,0.0,1.0,1.0,0.0,1.0,0.0,1.0,0.0,-0.5,0.5,0.6666666666666666,13.0,13.0,13.0
0.0,0.0,0.0,1.0,0.0,1.0,0.0,0.5,0.0,3.0,1.0,1.0,0.0,1.0,1.0,0.0,1.0,1.0,0.0,1.0,1.0,1.0,1.0,0.0,1.0,0.0,2.0,1.0,0.5,2.0,8.0,9.0,8.0
0.0,0.0,-1.0,1.0,0.0,0.0,0.0,-1.0,3.0,2.0,0.0,1.0,0.0,0.0,0.0,0.0,1.0,0.0,0.0,1.0,1.0,1.0,0.0,-2.0,0.0,0.0,1.0,0.0,0.0,0.0,11.0,11.0,12.0
0.0,0.0,-1.0,1.0,0.0,1.0,0.5,0.0,4.0,2.0,2.0,1.0,0.0,0.0,0.0,0.0,0.0,0.0,1.0,1.0,1.0,1.0,1.0,-3.0,0.0,-0.5,0.0,-0.5,-1.5,0.3333333333333333,14.0,15.0,15.0
0.0,0.0,-1.0,1.0,0.0,1.0,-1.0,-1.0,0.0,2.0,1.0,1.0,1.0,-1.0,0.0,0.0,1.0,0.0,0.0,1.0,1.0,0.0,0.0,0.0,0.0,-0.5,0.0,1.0,0.5,0.0,12.0,13.0,13.0
0.0,0.0,0.0,0.0,0.0,1.0,0.5,0.0,4.0,2.0,3.0,1.0,1.0,1.0,0.0,0.0,1.0,0.0,1.0,1.0,1.0,1.0,1.0,0.0,1.0,-0.5,0.0,-0.5,0.0,-0.3333333333333333,11.0,12.0,12.0
0.0,0.0,2.0,1.0,0.0,1.0,0.0,0.0,2.0,2.0,3.0,2.0,0.0,2.0,0.0,0.0,1.0,0.0,1.0,1.0,1.0,1.0,0.0,0.0,0.0,0.0,0.0,0.0,-0.5,0.3333333333333333,12.0,12.0,12.0
0.0,1.0,0.0,1.0,1.0,1.0,0.5,0.5,3.0,2.0,1.0,1.0,0.0,0.0,0.0,0.0,1.0,0.0,0.0,1.0,1.0,1.0,1.0,1.0,0.0,1.0,3.0,1.5,-0.5,2.1666666666666665,13.0,12.0,12.0
0.0,0.0,-1.0,1.0,0.0,0.0,-0.5,-0.5,2.0,2.0,3.0,1.0,0.0,0.0,0.0,1.0,1.0,0.0,0.0,1.0,1.0,1.0,0.0,-1.0,0.0,0.5,0.0,-0.5,0.0,-0.3333333333333333,13.0,13.0,13.0
0.0,1.0,1.0,1.0,0.0,1.0,-0.5,-0.5,3.0,2.0,1.0,1.0,0.0,0.0,0.0,0.0,1.0,0.0,1.0,1.0,1.0,1.0,0.0,0.0,1.0,0.5,1.0,1.0,0.5,1.3333333333333333,12.0,11.0,11.0
0.0,0.0,0.0,0.0,1.0,1.0,0.5,0.5,3.0,2.0,2.0,1.0,0.0,-1.0,0.0,0.0,1.0,0.0,0.0,1.0,1.0,0.0,0.0,1.0,-1.0,-1.0,0.0,0.0,-0.5,0.6666666666666666,12.0,11.0,11.0
0.0,0.0,0.0,1.0,1.0,1.0,0.0,-0.5,2.0,2.0,3.0,1.0,1.0,0.0,0.0,0.0,0.0,0.0,0.0,1.0,1.0,1.0,0.0,0.0,1.0,0.5,0.0,0.5,-1.5,0.0,14.0,16.0,15.0
0.0,0.0,0.0,1.0,0.0,1.0,0.5,0.0,2.0,2.0,3.0,1.0,0.0,0.0,0.0,0.0,0.0,0.0,0.0,1.0,1.0,1.0,1.0,-1.0,1.0,1.0,1.0,1.0,-1.5,2.3333333333333335,11.0,9.0,10.0
0.0,1.0,1.0,1.0,1.0,1.0,0.0,0.0,3.0,1.0,1.0,0.0,0.0,0.0,0.0,0.0,1.0,0.0,0.0,1.0,1.0,1.0,0.0,-1.0,-1.0,0.5,1.0,1.0,0.0,1.3333333333333333,10.0,10.0,10.0
0.0,0.0,0.0,1.0,0.0,1.0,-0.5,0.0,0.0,2.0,1.0,0.0,1.0,-1.0,0.0,0.0,1.0,0.0,0.0,1.0,1.0,0.0,0.0,-1.0,0.0,0.0,0.0,1.0,-0.5,0.3333333333333333,12.0,13.0,13.0
0.0,0.0,0.0,1.0,0.0,1.0,-0.5,-0.5,0.0,0.0,0.0,1.0,0.0,1.0,0.0,0.0,1.0,0.0,1.0,1.0,1.0,1.0,0.0,0.0,0.0,0.0,0.0,-0.5,0.0,-0.3333333333333333,12.0,12.0,13.0
0.0,0.0,0.0,0.0,0.0,1.0,-0.5,-1.0,0.0,3.0,3.0,1.0,1.0,0.0,0.0,0.0,1.0,0.0,1.0,1.0,1.0,1.0,0.0,0.0,-1.0,1.0,0.0,0.0,0.5,-0.3333333333333333,11.0,10.0,11.0
0.0,0.0,0.0,1.0,0.0,1.0,-1.0,-1.0,0.0,2.0,3.0,1.0,0.0,1.0,0.0,0.0,1.0,0.0,1.0,1.0,1.0,0.0,1.0,0.0,0.0,0.5,0.0,-0.5,0.5,1.6666666666666667,12.0,12.0,12.0
0.0,0.0,-1.0,1.0,0.0,1.0,-0.5,0.0,3.0,4.0,2.0,1.0,0.0,0.0,0.0,1.0,0.0,0.0,0.0,1.0,1.0,1.0,0.0,-2.0,0.0,-1.0,0.0,-0.5,-0.5,-0.3333333333333333,13.0,13.0,14.0
0.0,1.0,1.0,1.0,0.0,1.0,-0.5,-0.5,2.0,2.0,1.0,1.0,1.0,0.0,3.0,0.0,1.0,1.0,0.0,1.0,1.0,1.0,0.0,-1.0,0.0,0.0,4.0,1.5,0.0,1.1666666666666667,10.0,9.0,10.0
0.0,0.0,-1.0,1.0,0.0,1.0,0.5,0.5,4.0,3.0,1.0,1.0,0.0,1.0,0.0,0.0,1.0,0.0,1.0,0.0,1.0,1.0,0.0,1.0,0.0,-0.5,0.0,-0.5,0.5,0.3333333333333333,15.0,16.0,16.0
0.0,0.0,1.0,0.0,0.0,1.0,0.0,-1.0,2.0,2.0,3.0,1.0,0.0,0.0,0.0,0.0,0.0,0.0,1.0,1.0,1.0,1.0,1.0,1.0,0.0,0.0,0.0,-0.5,0.0,0.3333333333333333,8.0,8.0,8.0
0.0,0.0,0.0,1.0,0.0,1.0,0.0,-0.5,2.0,2.0,0.0,1.0,0.0,0.0,0.0,0.0,0.0,0.0,1.0,0.0,1.0,1.0,0.0,1.0,0.0,0.5,0.0,0.5,-0.5,0.0,17.0,18.0,17.0
0.0,1.0,0.0,1.0,1.0,1.0,-0.5,0.0,3.0,3.0,3.0,0.0,0.0,0.0,0.0,0.0,1.0,0.0,0.0,0.0,1.0,1.0,0.0,1.0,0.0,0.0,0.0,0.5,-0.5,-0.3333333333333333,10.0,11.0,11.0
0.0,1.0,1.0,1.0,1.0,1.0,-0.5,-1.0,0.0,2.0,0.0,1.0,3.0,0.0,0.0,1.0,1.0,0.0,1.0,1.0,1.0,1.0,1.0,0.0,0.0,-0.5,3.0,1.5,-0.5,0.0,9.0,10.0,11.0
0.0,0.0,0.0,1.0,0.0,0.0,-0.5,-1.0,2.0,2.0,0.0,1.0,1.0,1.0,0.0,0.0,0.0,0.0,1.0,1.0,1.0,1.0,1.0,-1.0,-1.0,0.0,0.0,0.0,-0.5,-0.3333333333333333,15.0,15.0,16.0
0.0,0.0,0.0,1.0,1.0,1.0,0.5,0.0,1.0,2.0,3.0,0.0,0.0,0.0,0.0,0.0,0.0,0.0,1.0,1.0,1.0,1.0,1.0,-1.0,-1.0,0.0,0.0,0.0,-0.5,-0.3333333333333333,14.0,12.0,12.0
0.0,1.0,0.0,0.0,0.0,1.0,-0.5,-0.5,2.0,2.0,0.0,0.0,1.0,0.0,0.0,0.0,1.0,0.0,1.0,1.0,1.0,1.0,0.0,0.0,2.0,-0.5,0.0,-0.5,-1.5,-0.3333333333333333,12.0,13.0,13.0
0.0,1.0,0.0,1.0,0.0,1.0,0.5,0.5,4.0,4.0,3.0,1.0,0.0,0.0,0.0,1.0,1.0,0.0,1.0,1.0,1.0,1.0,1.0,0.0,2.0,1.0,0.0,0.5,-1.0,-0.3333333333333333,13.0,13.0,13.0
0.0,1.0,-1.0,1.0,0.0,1.0,0.5,0.5,1.0,2.0,3.0,0.0,0.0,0.0,0.0,0.0,1.0,0.0,1.0,1.0,1.0,1.0,0.0,0.0,-1.0,0.5,1.0,1.0,-1.5,-0.3333333333333333,13.0,13.0,14.0
0.0,1.0,-1.0,1.0,1.0,1.0,-1.0,-1.0,2.0,2.0,1.0,1.0,1.0,0.0,0.0,0.0,1.0,0.0,0.0,1.0,1.0,1.0,0.0,-1.0,1.0,-0.5,0.0,-0.5,0.5,0.0,9.0,9.0,9.0
0.0,1.0,-1.0,1.0,0.0,1.0,0.0,-0.5,0.0,2.0,3.0,1.0,1.0,1.0,0.0,0.0,0.0,0.0,1.0,1.0,1.0,1.0,1.0,1.0,0.0,0.0,0.0,0.5,-1.0,-0.3333333333333333,12.0,12.0,12.0
0.0,1.0,0.0,1.0,1.0,1.0,-0.5,-0.5,2.0,2.0,1.0,0.0,0.0,0.0,0.0,0.0,0.0,0.0,1.0,0.0,1.0,1.0,1.0,0.0,1.0,-0.5,4.0,1.5,0.0,-0.3333333333333333,16.0,16.0,16.0
0.0,0.0,-1.0,1.0,0.0,1.0,-0.5,-1.0,2.0,2.0,1.0,1.0,0.0,-1.0,0.0,0.0,0.0,0.0,0.0,1.0,1.0,1.0,1.0,0.0,2.0,-0.5,0.0,-0.5,0.5,0.3333333333333333,9.0,10.0,10.0
0.0,0.0,0.0,0.0,0.0,1.0,-0.5,-1.0,0.0,3.0,0.0,1.0,2.0,0.0,0.0,0.0,0.0,0.0,1.0,1.0,1.0,0.0,0.0,-2.0,-2.0,-1.0,0.0,-0.5,-0.5,0.0,13.0,13.0,13.0
0.0,1.0,1.0,1.0,0.0,1.0,-0.5,-0.5,2.0,3.0,3.0,0.0,0.0,0.0,0.0,0.0,0.0,0.0,0.0,1.0,0.0,1.0,0.0,1.0,2.0,0.5,2.0,1.5,-1.0,2.3333333333333335,8.0,7.0,8.0
0.0,1.0,0.0,1.0,1.0,1.0,0.5,0.0,1.0,2.0,0.0,1.0,1.0,0.0,0.0,0.0,0.0,0.0,1.0,1.0,1.0,1.0,1.0,-2.0,2.0,1.0,0.0,1.0,0.5,1.0,15.0,15.0,15.0
0.0,1.0,0.0,0.0,1.0,0.0,0.5,0.5,4.0,2.0,0.0,1.0,1.0,0.0,0.0,0.0,1.0,0.0,0.0,1.0,1.0,1.0,0.0,-1.0,0.0,0.0,1.0,0.5,0.0,-0.3333333333333333,12.0,12.0,12.0
0.0,1.0,-1.0,1.0,1.0,1.0,0.5,0.0,4.0,2.0,0.0,1.0,0.0,-1.0,0.0,0.0,0.0,0.0,1.0,0.0,1.0,1.0,0.0,1.0,1.0,1.0,0.0,-0.5,-0.5,0.8333333333333334,14.0,14.0,15.0
0.0,1.0,-1.0,1.0,0.0,1.0,0.5,0.5,3.0,3.0,0.0,1.0,0.0,1.0,0.0,0.0,1.0,0.0,1.0,1.0,1.0,1.0,0.0,1.0,0.0,0.0,0.0,0.5,0.5,-0.3333333333333333,15.0,13.0,13.0
0.0,1.0,-1.0,1.0,0.0,1.0,0.5,0.5,3.0,3.0,0.0,1.0,0.0,-1.0,0.0,0.0,0.0,1.0,1.0,1.0,1.0,1.0,0.0,1.0,0.0,-0.5,0.0,0.0,0.5,0.3333333333333333,14.0,15.0,15.0
0.0,0.0,1.0,1.0,0.0,1.0,-0.5,-1.0,2.0,2.0,0.0,2.0,1.0,1.0,0.0,0.0,1.0,0.0,0.0,0.0,1.0,1.0,1.0,0.0,1.0,0.5,0.0,-0.5,-0.5,1.3333333333333333,12.0,10.0,11.0
0.0,1.0,-1.0,1.0,0.0,1.0,-0.5,-1.0,2.0,2.0,0.0,1.0,2.0,-1.0,0.0,0.0,0.0,0.0,0.0,1.0,1.0,1.0,0.0,0.0,0.0,0.0,0.0,-0.5,0.0,0.8333333333333334,15.0,16.0,16.0
0.0,1.0,0.0,1.0,0.0,1.0,-0.5,0.0,2.0,2.0,0.0,0.0,1.0,-1.0,0.0,0.0,0.0,0.0,0.0,1.0,1.0,1.0,0.0,1.0,-1.0,-0.5,0.0,-0.5,-1.0,0.0,9.0,12.0,13.0
0.0,1.0,5.0,1.0,0.0,1.0,0.0,-1.0,3.0,3.0,2.0,1.0,0.0,-1.0,3.0,0.0,0.0,0.0,0.0,0.0,0.0,1.0,1.0,1.0,1.0,1.0,4.0,1.5,-1.5,1.6666666666666667,7.0,8.0,5.0
0.0,1.0,1.0,0.0,1.0,1.0,0.0,0.0,2.0,3.0,0.0,1.0,0.0,0.0,0.0,0.0,1.0,0.0,0.0,1.0,1.0,1.0,1.0,0.0,0.0,0.0,0.0,0.5,0.5,1.0,10.0,9.0,10.0
0.0,1.0,-1.0,1.0,0.0,1.0,-1.5,-0.5,2.0,2.0,2.0,1.0,0.0,-1.0,0.0,0.0,0.0,0.0,0.0,0.0,1.0,1.0,0.0,0.0,0.0,-0.5,1.0,1.0,0.5,-0.3333333333333333,11.0,12.0,11.0
0.0,1.0,1.0,1.0,0.0,1.0,0.0,-0.5,3.0,2.0,0.0,1.0,1.0,-1.0,0.0,0.0,0.0,0.0,0.0,1.0,0.0,1.0,0.0,0.0,1.0,1.0,1.0,1.0,0.5,1.0,7.0,8.0,7.0
0.0,1.0,-1.0,1.0,0.0,1.0,0.0,0.0,0.0,2.0,3.0,2.0,2.0,0.0,1.0,1.0,1.0,0.0,0.0,0.0,1.0,1.0,0.0,1.0,0.0,0.0,0.0,0.5,-1.0,0.3333333333333333,9.0,11.0,10.0
0.0,1.0,1.0,1.0,0.0,1.0,-0.5,-1.0,3.0,3.0,2.0,1.0,0.0,-1.0,2.0,0.0,0.0,0.0,0.0,0.0,0.0,1.0,0.0,-1.0,-1.0,1.0,1.0,1.5,0.5,0.3333333333333333,7.0,8.0,6.0
0.0,1.0,-1.0,0.0,0.0,1.0,-0.5,-1.0,2.0,2.0,0.0,1.0,1.0,-1.0,0.0,0.0,0.0,0.0,1.0,0.0,1.0,0.0,0.0,-1.0,0.0,-0.5,0.0,0.5,-0.5,0.0,14.0,13.0,12.0
0.0,1.0,0.0,0.0,0.0,1.0,-0.5,-1.0,2.0,2.0,0.0,1.0,0.0,-1.0,0.0,0.0,0.0,0.0,0.0,0.0,1.0,1.0,0.0,0.0,1.0,-0.5,1.0,1.0,0.5,-0.3333333333333333,12.0,12.0,13.0
0.0,1.0,0.0,1.0,1.0,1.0,-1.0,-1.0,1.0,2.0,0.0,1.0,1.0,-1.0,1.0,0.0,1.0,0.0,1.0,1.0,1.0,1.0,0.0,0.0,1.0,0.5,0.0,0.0,0.5,-0.3333333333333333,9.0,10.0,10.0
0.0,0.0,0.0,1.0,1.0,1.0,0.5,-0.5,4.0,3.0,3.0,1.0,0.0,2.0,0.0,0.0,1.0,0.0,1.0,1.0,1.0,1.0,0.0,0.0,-1.0,0.0,0.0,-0.5,0.0,0.0,14.0,15.0,17.0
0.0,1.0,2.0,1.0,1.0,0.0,0.5,0.0,3.0,0.0,3.0,1.0,0.0,0.0,0.0,0.0,1.0,0.0,0.0,1.0,1.0,1.0,0.0,0.0,0.0,-1.0,0.0,-0.5,-1.5,0.3333333333333333,11.0,13.0,14.0
0.0,1.0,1.0,1.0,0.0,1.0,-0.5,-1.0,2.0,2.0,1.0,1.0,0.0,0.0,0.0,0.0,0.0,0.0,1.0,1.0,1.0,1.0,0.0,1.0,-1.0,0.5,0.0,0.0,0.0,0.0,16.0,16.0,16.0
0.0,0.0,0.0,1.0,1.0,1.0,-0.5,-0.5,3.0,3.0,0.0,0.0,0.0,2.0,0.0,0.0,0.0,0.0,1.0,1.0,1.0,1.0,1.0,-1.0,1.0,-1.0,0.0,-0.5,-1.0,0.0,10.0,11.0,12.0
0.0,0.0,1.0,1.0,0.0,1.0,0.5,0.0,3.0,2.0,1.0,0.0,0.0,0.0,0.0,0.0,1.0,0.0,0.0,1.0,1.0,1.0,1.0,-1.0,-2.0,-0.5,0.0,0.5,-1.0,0.0,15.0,15.0,15.0
0.0,1.0,1.0,1.0,0.0,1.0,0.5,0.0,4.0,2.0,0.0,1.0,0.0,0.0,0.0,0.0,1.0,0.0,0.0,0.0,1.0,1.0,0.0,0.0,0.0,-0.5,0.0,-0.5,-0.5,0.0,10.0,10.0,11.0
0.0,1.0,1.0,0.0,0.0,1.0,0.0,-0.5,2.0,2.0,0.0,1.0,0.0,1.0,0.0,0.0,0.0,0.0,1.0,0.0,1.0,0.0,0.0,1.0,0.0,-0.5,0.0,-0.5,-0.5,0.0,10.0,11.0,12.0
0.0,0.0,0.0,1.0,0.0,1.0,0.0,0.0,2.0,2.0,1.0,1.0,0.0,1.0,0.0,0.0,0.0,0.0,1.0,0.0,1.0,0.0,0.0,-1.0,-1.0,0.0,0.0,-0.5,0.0,0.0,15.0,12.0,13.0
0.0,0.0,1.0,1.0,0.0,1.0,-0.5,-0.5,0.0,3.0,1.0,1.0,0.0,1.0,0.0,0.0,1.0,0.0,1.0,1.0,1.0,1.0,1.0,0.0,0.0,0.0,0.0,-0.5,-0.5,-0.3333333333333333,11.0,12.0,13.0
0.0,1.0,1.0,0.0,1.0,0.0,0.0,0.5,2.0,2.0,3.0,1.0,1.0,0.0,0.0,0.0,1.0,0.0,1.0,1.0,1.0,1.0,0.0,0.0,-1.0,1.0,2.0,1.0,-1.5,0.6666666666666666,15.0,16.0,16.0
0.0,1.0,0.0,1.0,0.0,1.0,0.0,-1.0,3.0,2.0,2.0,1.0,0.0,0.0,0.0,0.0,0.0,0.0,1.0,1.0,1.0,1.0,1.0,1.0,1.0,0.5,2.0,1.0,0.5,-0.3333333333333333,11.0,11.0,14.0
0.0,0.0,1.0,0.0,0.0,1.0,0.5,0.5,4.0,2.0,3.0,1.0,1.0,0.0,0.0,0.0,0.0,0.0,1.0,1.0,1.0,1.0,0.0,0.0,0.0,0.5,1.0,0.0,0.0,1.0,10.0,11.0,12.0
0.0,1.0,1.0,1.0,0.0,1.0,0.5,-0.5,1.0,2.0,3.0,0.0,0.0,0.0,0.0,0.0,1.0,0.0,1.0,1.0,1.0,1.0,1.0,1.0,1.0,1.0,0.0,0.5,0.5,0.3333333333333333,10.0,12.0,14.0
0.0,0.0,1.0,0.0,0.0,1.0,-0.5,-1.0,2.0,2.0,3.0,1.0,1.0,0.0,0.0,0.0,1.0,0.0,0.0,1.0,0.0,1.0,1.0,0.0,0.0,1.0,0.0,0.0,-0.5,1.6666666666666667,8.0,9.0,10.0
0.0,0.0,2.0,1.0,0.0,1.0,0.0,0.0,2.0,3.0,1.0,2.0,0.0,0.0,0.0,0.0,1.0,0.0,1.0,1.0,1.0,1.0,0.0,0.0,0.0,1.0,2.0,0.5,0.5,2.3333333333333335,11.0,12.0,12.0
0.0,0.0,1.0,1.0,0.0,1.0,-0.5,0.0,2.0,3.0,3.0,0.0,0.0,2.0,0.0,0.0,1.0,0.0,1.0,1.0,1.0,1.0,1.0,0.0,2.0,1.0,0.0,0.5,-1.0,1.3333333333333333,16.0,16.0,16.0
0.0,0.0,1.0,1.0,1.0,1.0,-1.0,-1.0,2.0,2.0,1.0,1.0,1.0,0.0,0.0,0.0,1.0,0.0,0.0,0.0,1.0,0.0,0.0,0.0,1.0,0.0,0.0,-0.5,-0.5,0.0,13.0,13.0,13.0
0.0,1.0,0.0,0.0,0.0,1.0,-1.0,-0.5,0.0,0.0,1.0,1.0,0.0,0.0,0.0,0.0,1.0,0.0,1.0,0.0,1.0,0.0,1.0,-1.0,2.0,-0.5,1.0,0.0,-1.5,0.0,16.0,17.0,18.0
0.0,0.0,0.0,1.0,0.0,1.0,-0.5,0.5,0.0,1.0,3.0,1.0,1.0,0.0,0.0,0.0,1.0,0.0,0.0,1.0,1.0,1.0,1.0,0.0,0.0,0.0,0.0,-0.5,-1.5,0.6666666666666666,15.0,16.0,16.0
0.0,0.0,0.0,1.0,1.0,1.0,-0.5,-0.5,3.0,2.0,0.0,1.0,1.0,0.0,0.0,1.0,1.0,0.0,0.0,1.0,1.0,1.0,1.0,0.0,1.0,0.5,1.0,0.5,0.5,0.6666666666666666,12.0,12.0,12.0
0.0,0.0,1.0,0.0,0.0,0.0,0.0,-0.5,2.0,3.0,1.0,1.0,1.0,0.0,0.0,0.0,0.0,0.0,0.0,0.0,0.0,1.0,1.0,0.0,-2.0,-1.0,0.0,-0.5,0.5,2.1666666666666665,12.0,9.0,10.0
0.0,1.0,1.0,1.0,0.0,1.0,0.5,0.5,4.0,3.0,1.0,1.0,1.0,-1.0,0.0,0.0,0.0,0.0,1.0,1.0,1.0,1.0,0.0,-1.0,-1.0,0.5,0.0,1.0,-0.5,0.6666666666666666,11.0,12.0,12.0
0.0,1.0,1.0,1.0,0.0,1.0,0.5,0.5,4.0,3.0,1.0,0.0,0.0,0.0,0.0,0.0,1.0,0.0,1.0,1.0,1.0,1.0,0.0,0.0,0.0,0.0,1.0,0.0,-1.0,-0.3333333333333333,12.0,12.0,13.0
0.0,1.0,1.0,1.0,0.0,1.0,0.5,0.5,4.0,3.0,1.0,1.0,1.0,-1.0,0.0,0.0,0.0,0.0,1.0,1.0,1.0,1.0,0.0,-1.0,-1.0,0.5,0.0,1.0,-0.5,0.6666666666666666,11.0,12.0,12.0
0.0,1.0,1.0,1.0,0.0,1.0,0.5,0.5,4.0,3.0,1.0,0.0,0.0,0.0,0.0,0.0,1.0,0.0,1.0,1.0,1.0,1.0,0.0,0.0,0.0,0.0,1.0,0.0,-1.0,-0.3333333333333333,12.0,12.0,13.0
0.0,0.0,1.0,1.0,0.0,1.0,0.5,0.5,1.0,1.0,3.0,0.0,0.0,0.0,1.0,1.0,1.0,0.0,1.0,1.0,1.0,1.0,1.0,-2.0,1.0,0.5,0.0,-0.5,0.0,0.0,14.0,12.0,13.0
0.0,1.0,1.0,1.0,1.0,1.0,0.5,0.0,4.0,3.0,0.0,1.0,1.0,-1.0,0.0,0.0,0.0,0.0,1.0,1.0,1.0,1.0,0.0,0.0,-1.0,0.0,0.0,0.0,-1.5,-0.3333333333333333,10.0,10.0,10.0
0.0,1.0,0.0,1.0,1.0,0.0,0.5,-1.0,3.0,2.0,1.0,1.0,1.0,-1.0,0.0,0.0,0.0,0.0,1.0,1.0,1.0,1.0,1.0,0.0,2.0,0.5,1.0,1.0,0.5,3.3333333333333335,11.0,11.0,10.0
0.0,1.0,0.0,1.0,1.0,0.0,0.0,-0.5,4.0,3.0,1.0,1.0,0.0,-1.0,0.0,0.0,0.0,0.0,0.0,1.0,1.0,1.0,0.0,0.0,1.0,0.5,2.0,1.0,-0.5,2.6666666666666665,13.0,13.0,13.0
0.0,0.0,1.0,0.0,1.0,1.0,-1.0,-1.0,0.0,2.0,3.0,1.0,1.0,2.0,0.0,0.0,1.0,0.0,1.0,1.0,1.0,0.0,0.0,1.0,-1.0,-0.5,0.0,-0.5,-0.5,0.0,17.0,17.0,18.0
0.0,0.0,1.0,1.0,0.0,1.0,-1.0,-1.0,2.0,2.0,1.0,1.0,1.0,0.0,0.0,1.0,0.0,0.0,1.0,1.0,1.0,1.0,0.0,1.0,1.0,0.5,0.0,-0.5,0.0,-0.3333333333333333,12.0,13.0,13.0
0.0,0.0,1.0,1.0,0.0,1.0,-1.0,-1.0,2.0,2.0,1.0,1.0,1.0,1.0,0.0,0.0,0.0,0.0,1.0,1.0,1.0,1.0,0.0,0.0,2.0,1.0,0.0,0.0,-1.0,-0.3333333333333333,14.0,14.0,14.0
0.0,0.0,0.0,1.0,0.0,1.0,-0.5,-0.5,2.0,2.0,0.0,1.0,0.0,0.0,0.0,0.0,1.0,0.0,0.0,0.0,1.0,1.0,0.0,1.0,1.0,1.0,0.0,0.0,0.5,1.6666666666666667,12.0,12.0,14.0
0.0,1.0,0.0,1.0,0.0,1.0,-1.0,-1.0,2.0,2.0,3.0,0.0,0.0,0.0,0.0,0.0,0.0,0.0,0.0,0.0,1.0,1.0,0.0,0.0,0.0,0.0,0.0,0.0,0.0,-0.3333333333333333,12.0,12.0,12.0
0.0,0.0,1.0,1.0,0.0,1.0,-0.5,-0.5,0.0,0.0,2.0,1.0,0.0,1.0,0.0,0.0,1.0,0.0,0.0,1.0,1.0,1.0,0.0,0.0,0.0,0.0,0.0,0.0,-1.0,-0.3333333333333333,18.0,18.0,18.0
0.0,0.0,0.0,1.0,0.0,1.0,-1.0,-1.0,3.0,4.0,3.0,1.0,0.0,1.0,0.0,0.0,1.0,0.0,0.0,1.0,1.0,1.0,0.0,0.0,0.0,0.0,0.0,-0.5,-0.5,-0.3333333333333333,13.0,13.0,14.0
0.0,1.0,1.0,1.0,0.0,1.0,-0.5,-1.0,3.0,3.0,3.0,1.0,0.0,1.0,0.0,0.0,0.0,0.0,1.0,1.0,1.0,1.0,0.0,0.0,-1.0,0.5,0.0,0.5,-1.0,-0.3333333333333333,14.0,15.0,15.0
0.0,1.0,1.0,1.0,1.0,0.0,0.5,0.5,4.0,4.0,3.0,1.0,0.0,0.0,0.0,0.0,1.0,0.0,1.0,1.0,1.0,1.0,0.0,1.0,1.0,0.0,0.0,-0.5,-1.0,-0.3333333333333333,17.0,17.0,17.0
0.0,1.0,1.0,1.0,0.0,1.0,0.5,-0.5,4.0,2.0,1.0,1.0,0.0,0.0,0.0,0.0,1.0,0.0,1.0,1.0,1.0,1.0,1.0,0.0,0.0,-0.5,0.0,1.0,0.5,0.0,15.0,16.0,16.0
0.0,0.0,0.0,1.0,0.0,1.0,0.5,0.0,1.0,3.0,3.0,1.0,0.0,1.0,0.0,0.0,1.0,0.0,0.0,1.0,1.0,1.0,0.0,0.0,-1.0,-0.5,0.0,0.0,-0.5,-0.3333333333333333,17.0,18.0,18.0
0.0,0.0,0.0,0.0,1.0,1.0,0.0,-1.0,3.0,2.0,3.0,1.0,1.0,2.0,0.0,0.0,1.0,0.0,0.0,1.0,1.0,0.0,0.0,-1.0,-2.0,-0.5,0.0,-0.5,-0.5,-0.3333333333333333,18.0,19.0,19.0
0.0,1.0,1.0,0.0,1.0,1.0,0.0,-0.5,3.0,2.0,3.0,1.0,1.0,1.0,0.0,0.0,1.0,0.0,1.0,1.0,1.0,1.0,0.0,1.0,1.0,-0.5,0.0,-0.5,0.0,-0.3333333333333333,14.0,15.0,15.0
0.0,1.0,0.0,1.0,0.0,1.0,0.0,0.0,1.0,2.0,1.0,1.0,0.0,-1.0,0.0,0.0,1.0,0.0,0.0,1.0,1.0,1.0,0.0,0.0,1.0,0.0,0.0,0.5,0.5,-0.3333333333333333,14.0,15.0,15.0
0.0,0.0,2.0,1.0,0.0,1.0,0.5,0.5,1.0,2.0,3.0,2.0,1.0,0.0,0.0,0.0,1.0,0.0,1.0,1.0,1.0,1.0,0.0,-2.0,0.0,0.5,1.0,0.5,-1.0,0.0,14.0,13.0,13.0
0.0,0.0,1.0,1.0,1.0,1.0,0.5,0.0,2.0,2.0,1.0,2.0,1.0,0.0,0.0,0.0,1.0,0.0,0.0,1.0,1.0,1.0,1.0,0.0,1.0,1.0,0.0,0.0,-1.0,-0.3333333333333333,13.0,14.0,14.0
0.0,0.0,1.0,1.0,0.0,1.0,0.5,0.0,2.0,2.0,3.0,0.0,0.0,2.0,0.0,0.0,1.0,0.0,0.0,1.0,1.0,1.0,0.0,0.0,0.0,0.0,0.0,-0.5,-0.5,-0.3333333333333333,16.0,17.0,17.0
0.0,1.0,1.0,1.0,1.0,1.0,0.5,0.5,4.0,4.0,1.0,1.0,0.0,-1.0,0.0,0.0,1.0,0.0,0.0,1.0,1.0,1.0,1.0,-3.0,1.0,-0.5,1.0,0.0,-1.5,-0.3333333333333333,18.0,18.0,17.0
0.0,0.0,1.0,1.0,1.0,0.0,0.5,0.5,1.0,2.0,1.0,1.0,0.0,0.0,0.0,0.0,1.0,1.0,0.0,1.0,1.0,1.0,1.0,0.0,-1.0,0.5,0.0,-0.5,0.0,-0.3333333333333333,14.0,15.0,15.0
0.0,1.0,0.0,1.0,1.0,1.0,0.5,0.5,2.0,4.0,1.0,0.0,1.0,-1.0,0.0,0.0,0.0,0.0,0.0,1.0,1.0,1.0,0.0,0.0,-2.0,-1.0,1.0,0.0,0.5,-0.3333333333333333,12.0,13.0,13.0
0.0,0.0,0.0,1.0,0.0,1.0,0.5,-0.5,2.0,2.0,3.0,1.0,1.0,1.0,0.0,0.0,1.0,0.0,0.0,1.0,1.0,1.0,0.0,0.0,0.0,0.0,0.0,-0.5,-0.5,-0.3333333333333333,16.0,16.0,16.0
0.0,0.0,0.0,1.0,0.0,1.0,0.0,-0.5,1.0,1.0,3.0,0.0,0.0,2.0,0.0,0.0,1.0,0.0,1.0,0.0,1.0,1.0,0.0,1.0,-1.0,-0.5,0.0,0.0,0.5,-0.3333333333333333,18.0,18.0,18.0
0.0,1.0,3.0,1.0,0.0,0.0,0.0,-0.5,3.0,2.0,0.0,2.0,0.0,-1.0,2.0,0.0,0.0,0.0,1.0,1.0,1.0,0.0,0.0,1.0,2.0,0.0,0.0,-0.5,0.5,-0.3333333333333333,14.0,15.0,15.0
0.0,1.0,2.0,0.0,0.0,1.0,0.0,0.0,2.0,3.0,3.0,0.0,0.0,0.0,0.0,0.0,0.0,0.0,1.0,1.0,1.0,0.0,1.0,0.0,2.0,0.0,0.0,0.0,0.5,-0.3333333333333333,10.0,10.0,11.0
0.0,0.0,1.0,1.0,0.0,1.0,-0.5,-1.0,3.0,2.0,0.0,1.0,1.0,0.0,0.0,0.0,1.0,0.0,1.0,1.0,1.0,1.0,0.0,1.0,0.0,0.0,0.0,0.0,-1.5,0.0,12.0,12.0,15.0
0.0,0.0,1.0,1.0,0.0,1.0,0.5,0.0,2.0,2.0,0.0,1.0,0.0,1.0,0.0,0.0,1.0,0.0,1.0,1.0,1.0,1.0,1.0,0.0,0.0,0.5,0.0,-0.5,0.5,0.0,14.0,15.0,17.0
0.0,0.0,0.0,0.0,0.0,1.0,0.0,0.5,0.0,3.0,0.0,0.0,0.0,1.0,0.0,0.0,1.0,0.0,1.0,0.0,1.0,1.0,0.0,0.0,0.0,0.5,1.0,1.5,0.5,0.0,15.0,15.0,17.0
0.0,0.0,1.0,1.0,0.0,1.0,0.5,0.5,4.0,2.0,0.0,1.0,0.0,0.0,0.0,0.0,1.0,0.0,0.0,1.0,1.0,1.0,0.0,0.0,1.0,0.5,2.0,0.5,0.5,-0.3333333333333333,12.0,11.0,13.0
0.0,0.0,0.0,1.0,0.0,0.0,0.5,0.0,3.0,3.0,0.0,1.0,0.0,0.0,0.0,0.0,1.0,0.0,0.0,1.0,1.0,1.0,1.0,1.0,-1.0,-0.5,0.0,0.0,0.5,2.0,15.0,14.0,17.0
0.0,0.0,0.0,1.0,0.0,1.0,-0.5,-0.5,2.0,2.0,0.0,1.0,0.0,0.0,0.0,0.0,1.0,0.0,0.0,1.0,1.0,0.0,1.0,0.0,-1.0,-0.5,0.0,-0.5,-0.5,0.3333333333333333,14.0,13.0,13.0
0.0,0.0,0.0,0.0,1.0,1.0,-0.5,-0.5,3.0,3.0,0.0,1.0,0.0,1.0,0.0,0.0,1.0,0.0,1.0,1.0,1.0,1.0,0.0,-1.0,0.0,-0.5,1.0,0.0,-0.5,-0.3333333333333333,11.0,11.0,10.0
0.0,0.0,0.0,1.0,0.0,1.0,0.0,-1.0,3.0,3.0,0.0,0.0,0.0,1.0,0.0,0.0,1.0,0.0,0.0,0.0,1.0,1.0,0.0,-1.0,1.0,0.0,1.0,0.5,0.5,-0.3333333333333333,17.0,18.0,17.0
0.0,0.0,0.0,1.0,1.0,1.0,-1.5,-0.5,0.0,0.0,1.0,0.0,1.0,1.0,0.0,0.0,0.0,0.0,0.0,1.0,1.0,1.0,0.0,-1.0,0.0,0.0,1.0,0.5,-1.0,-0.3333333333333333,14.0,14.0,15.0
0.0,1.0,1.0,1.0,0.0,1.0,0.5,0.5,2.0,2.0,0.0,1.0,0.0,1.0,0.0,0.0,0.0,0.0,1.0,1.0,1.0,1.0,0.0,0.0,0.0,0.0,1.0,0.0,-0.5,-0.3333333333333333,13.0,14.0,13.0
0.0,1.0,0.0,1.0,0.0,1.0,0.0,0.0,2.0,3.0,3.0,1.0,0.0,-1.0,0.0,0.0,0.0,0.0,1.0,0.0,1.0,1.0,0.0,0.0,0.0,1.0,2.0,1.5,0.5,-0.3333333333333333,17.0,18.0,17.0
0.0,1.0,0.0,0.0,0.0,1.0,-0.5,-0.5,3.0,2.0,0.0,1.0,3.0,-1.0,0.0,0.0,1.0,0.0,0.0,1.0,1.0,1.0,0.0,0.0,1.0,1.0,4.0,1.5,0.0,0.0,11.0,10.0,10.0
0.0,0.0,0.0,1.0,0.0,1.0,0.5,0.5,4.0,3.0,0.0,1.0,0.0,0.0,0.0,0.0,1.0,1.0,0.0,1.0,1.0,1.0,1.0,1.0,0.0,-1.0,0.0,1.0,0.5,0.0,11.0,11.0,12.0
0.0,0.0,0.0,1.0,0.0,1.0,0.5,0.5,4.0,3.0,0.0,1.0,0.0,1.0,0.0,0.0,1.0,0.0,1.0,1.0,1.0,1.0,0.0,1.0,1.0,0.5,0.0,0.5,0.0,-0.3333333333333333,13.0,12.0,13.0
0.0,0.0,0.0,1.0,0.0,1.0,0.5,0.5,4.0,4.0,0.0,1.0,1.0,1.0,0.0,0.0,1.0,0.0,0.0,0.0,1.0,1.0,1.0,0.0,0.0,0.0,0.0,0.0,0.0,0.3333333333333333,15.0,14.0,15.0
0.0,1.0,1.0,1.0,1.0,1.0,-0.5,-0.5,2.0,2.0,0.0,1.0,0.0,2.0,0.0,0.0,1.0,1.0,1.0,1.0,1.0,1.0,0.0,0.0,2.0,1.0,1.0,1.0,0.5,-0.3333333333333333,11.0,11.0,12.0
0.0,0.0,0.0,0.0,0.0,1.0,-0.5,0.5,0.0,2.0,0.0,0.0,0.0,1.0,0.0,0.0,1.0,0.0,0.0,1.0,1.0,1.0,1.0,0.0,1.0,0.0,0.0,-0.5,0.5,-0.3333333333333333,15.0,15.0,15.0
0.0,0.0,1.0,1.0,0.0,1.0,0.0,0.0,3.0,3.0,1.0,1.0,0.0,0.0,0.0,0.0,0.0,0.0,1.0,1.0,1.0,1.0,0.0,1.0,0.0,0.5,0.0,-0.5,0.0,1.0,10.0,11.0,12.0
0.0,0.0,1.0,1.0,1.0,1.0,-0.5,-0.5,2.0,2.0,1.0,2.0,0.0,0.0,0.0,0.0,0.0,0.0,1.0,0.0,1.0,1.0,1.0,0.0,0.0,0.0,0.0,-0.5,-1.0,-0.3333333333333333,10.0,9.0,12.0
0.0,0.0,1.0,0.0,0.0,1.0,-0.5,-0.5,0.0,2.0,0.0,1.0,1.0,2.0,0.0,0.0,0.0,0.0,1.0,1.0,1.0,0.0,0.0,0.0,1.0,0.5,0.0,-0.5,0.0,0.6666666666666666,14.0,13.0,14.0
0.0,0.0,0.0,1.0,0.0,1.0,0.0,0.5,3.0,2.0,0.0,1.0,0.0,1.0,0.0,0.0,0.0,0.0,0.0,1.0,1.0,1.0,0.0,0.0,1.0,1.0,0.0,0.5,0.5,1.0,11.0,13.0,14.0
0.0,0.0,0.0,1.0,0.0,1.0,0.0,-0.5,2.0,2.0,1.0,1.0,0.0,0.0,0.0,0.0,1.0,0.0,0.0,1.0,1.0,1.0,1.0,0.0,0.0,-0.5,1.0,0.5,-1.0,-0.3333333333333333,12.0,13.0,15.0
0.0,0.0,1.0,1.0,1.0,1.0,0.0,0.0,3.0,3.0,1.0,1.0,0.0,2.0,0.0,0.0,1.0,0.0,0.0,1.0,1.0,1.0,0.0,1.0,0.0,0.0,0.0,-0.5,-1.5,0.3333333333333333,14.0,14.0,15.0
0.0,0.0,0.0,0.0,0.0,0.0,0.0,-0.5,2.0,2.0,1.0,1.0,0.0,0.0,0.0,0.0,1.0,0.0,0.0,1.0,1.0,1.0,0.0,0.0,0.0,0.0,1.0,0.5,-1.0,-0.3333333333333333,14.0,14.0,16.0
0.0,1.0,1.0,1.0,1.0,1.0,0.0,0.5,3.0,2.0,1.0,1.0,0.0,0.0,0.0,0.0,0.0,0.0,1.0,1.0,1.0,1.0,1.0,0.0,0.0,0.0,0.0,0.5,0.5,0.6666666666666666,16.0,16.0,17.0
0.0,0.0,0.0,1.0,0.0,0.0,-0.5,-0.5,0.0,0.0,1.0,0.0,0.0,0.0,0.0,0.0,1.0,0.0,0.0,1.0,1.0,1.0,1.0,-1.0,0.0,-1.0,0.0,0.0,0.0,2.6666666666666665,10.0,12.0,14.0
0.0,0.0,1.0,1.0,0.0,1.0,-0.5,0.0,0.0,2.0,0.0,1.0,0.0,1.0,0.0,0.0,1.0,0.0,0.0,1.0,1.0,1.0,0.0,0.0,0.0,0.0,0.0,0.0,-0.5,-0.3333333333333333,11.0,12.0,14.0
0.0,0.0,1.0,1.0,0.0,1.0,0.0,-0.5,2.0,3.0,2.0,1.0,0.0,1.0,0.0,0.0,0.0,0.0,0.0,1.0,1.0,1.0,1.0,1.0,1.0,0.0,1.0,0.5,-1.5,0.3333333333333333,14.0,16.0,17.0
0.0,1.0,1.0,0.0,0.0,1.0,0.5,0.0,4.0,3.0,0.0,1.0,0.0,1.0,0.0,0.0,0.0,0.0,0.0,1.0,1.0,1.0,1.0,1.0,0.0,-0.5,0.0,0.0,0.0,0.3333333333333333,15.0,14.0,17.0
0.0,1.0,1.0,1.0,0.0,1.0,0.5,0.0,4.0,2.0,0.0,1.0,0.0,1.0,0.0,0.0,1.0,0.0,0.0,1.0,1.0,1.0,1.0,1.0,1.0,1.0,1.0,0.5,0.5,-0.3333333333333333,14.0,13.0,14.0
0.0,0.0,0.0,1.0,0.0,1.0,0.5,0.0,1.0,2.0,3.0,1.0,0.0,1.0,0.0,0.0,1.0,0.0,1.0,1.0,1.0,1.0,1.0,0.0,1.0,0.0,0.0,0.5,0.0,-0.3333333333333333,11.0,12.0,13.0
1.0,1.0,1.0,0.0,0.0,1.0,0.0,-0.5,2.0,2.0,0.0,1.0,1.0,-1.0,0.0,0.0,1.0,0.0,0.0,0.0,1.0,1.0,0.0,-2.0,2.0,1.0,4.0,1.5,0.5,1.0,9.0,10.0,11.0
1.0,1.0,2.0,0.0,0.0,1.0,-1.0,-1.0,2.0,3.0,1.0,2.0,2.0,0.0,1.0,0.0,0.0,0.0,0.0,1.0,1.0,1.0,0.0,1.0,1.0,0.5,2.0,0.5,-1.0,1.0,10.0,9.0,11.0
1.0,1.0,0.0,1.0,0.0,1.0,0.0,0.0,1.0,2.0,0.0,1.0,1.0,0.0,1.0,0.0,1.0,0.0,0.0,1.0,1.0,1.0,0.0,0.0,2.0,0.5,1.0,0.5,-0.5,0.3333333333333333,8.0,9.0,10.0
1.0,1.0,1.0,1.0,1.0,1.0,-1.0,0.0,0.0,3.0,0.0,1.0,0.0,-1.0,0.0,0.0,0.0,0.0,0.0,1.0,0.0,1.0,1.0,0.0,0.0,0.0,1.0,0.5,-0.5,-0.3333333333333333,9.0,10.0,9.0
1.0,1.0,2.0,0.0,0.0,1.0,-1.0,-1.0,2.0,2.0,1.0,2.0,2.0,-1.0,1.0,0.0,1.0,0.0,0.0,1.0,1.0,1.0,0.0,0.0,1.0,0.5,2.0,0.5,0.5,0.3333333333333333,8.0,9.0,10.0
1.0,1.0,0.0,0.0,0.0,1.0,0.5,0.0,3.0,2.0,1.0,1.0,1.0,0.0,1.0,0.0,1.0,1.0,1.0,0.0,1.0,1.0,1.0,0.0,2.0,1.0,0.0,0.5,-1.0,0.3333333333333333,10.0,11.0,11.0
1.0,0.0,1.0,1.0,0.0,1.0,0.0,0.0,3.0,3.0,0.0,0.0,0.0,0.0,0.0,0.0,1.0,0.0,0.0,1.0,1.0,0.0,1.0,1.0,0.0,0.5,0.0,-0.5,0.5,-0.3333333333333333,10.0,10.0,10.0
1.0,0.0,0.0,0.0,0.0,1.0,0.5,0.5,4.0,3.0,2.0,0.0,1.0,0.0,0.0,0.0,1.0,1.0,1.0,1.0,1.0,1.0,0.0,0.0,0.0,0.0,0.0,0.0,0.5,0.0,12.0,12.0,12.0
1.0,0.0,0.0,1.0,1.0,0.0,0.0,-0.5,3.0,2.0,3.0,1.0,1.0,0.0,0.0,0.0,0.0,0.0,0.0,1.0,1.0,0.0,1.0,-3.0,-1.0,0.0,0.0,0.0,0.5,-0.3333333333333333,15.0,14.0,15.0
1.0,1.0,1.0,1.0,1.0,1.0,-1.0,-1.0,2.0,3.0,1.0,0.0,1.0,-1.0,0.0,0.0,0.0,0.0,0.0,0.0,1.0,1.0,1.0,-1.0,0.0,-0.5,0.0,0.0,-0.5,0.0,14.0,13.0,14.0
1.0,0.0,1.0,1.0,1.0,1.0,-1.0,-1.0,0.0,3.0,0.0,0.0,1.0,1.0,0.0,0.0,0.0,0.0,0.0,1.0,1.0,1.0,0.0,1.0,0.0,-0.5,0.0,-0.5,0.0,-0.3333333333333333,19.0,17.0,18.0
1.0,0.0,1.0,1.0,0.0,1.0,0.0,0.0,3.0,3.0,2.0,1.0,1.0,0.0,0.0,0.0,1.0,0.0,0.0,1.0,1.0,1.0,1.0,0.0,0.0,-0.5,0.0,0.5,-0.5,0.6666666666666666,13.0,12.0,13.0
1.0,0.0,0.0,1.0,1.0,1.0,0.5,0.5,0.0,0.0,0.0,1.0,0.0,0.0,0.0,0.0,1.0,0.0,1.0,1.0,1.0,1.0,1.0,-2.0,0.0,0.5,0.0,-0.5,-1.5,0.3333333333333333,15.0,14.0,15.0
1.0,0.0,0.0,0.0,0.0,1.0,-1.0,-0.5,2.0,3.0,0.0,0.0,1.0,0.0,0.0,0.0,0.0,0.0,0.0,0.0,1.0,0.0,0.0,-1.0,-1.0,-0.5,0.0,0.0,-0.5,-0.3333333333333333,13.0,13.0,13.0
1.0,1.0,1.0,0.0,0.0,1.0,-1.0,0.0,0.0,2.0,0.0,1.0,1.0,0.0,0.0,0.0,1.0,1.0,0.0,1.0,1.0,0.0,0.0,-1.0,0.0,0.5,1.0,1.0,-0.5,-0.3333333333333333,8.0,10.0,9.0
1.0,1.0,1.0,1.0,1.0,1.0,0.5,0.5,4.0,3.0,2.0,1.0,1.0,1.0,0.0,0.0,0.0,0.0,0.0,1.0,1.0,1.0,1.0,0.0,-1.0,-0.5,1.0,0.0,0.5,-0.3333333333333333,15.0,16.0,16.0
1.0,0.0,0.0,0.0,0.0,1.0,-1.0,-1.0,2.0,3.0,3.0,1.0,2.0,-1.0,1.0,0.0,1.0,0.0,0.0,1.0,1.0,1.0,1.0,1.0,-1.0,-1.0,0.0,0.0,-1.5,-0.3333333333333333,8.0,8.0,9.0
1.0,0.0,1.0,1.0,0.0,1.0,-0.5,0.0,0.0,3.0,0.0,0.0,1.0,-1.0,0.0,0.0,1.0,0.0,0.0,1.0,1.0,1.0,1.0,1.0,-1.0,0.0,0.0,0.0,0.0,-0.3333333333333333,10.0,10.0,10.0
1.0,0.0,1.0,0.0,0.0,1.0,0.5,0.5,2.0,4.0,2.0,0.0,2.0,0.0,0.0,0.0,1.0,0.0,0.0,0.0,1.0,1.0,1.0,-1.0,-1.0,-0.5,3.0,0.0,0.5,-0.3333333333333333,7.0,5.0,0.0
1.0,1.0,1.0,0.0,1.0,1.0,-1.0,-0.5,0.0,3.0,2.0,0.0,2.0,-1.0,0.0,0.0,1.0,0.0,1.0,1.0,0.0,1.0,1.0,0.0,0.0,0.0,1.0,0.5,-0.5,0.16666666666666666,9.0,10.0,10.0
1.0,0.0,0.0,1.0,0.0,1.0,-0.5,-0.5,2.0,0.0,1.0,1.0,0.0,1.0,0.0,0.0,0.0,0.0,1.0,1.0,1.0,0.0,1.0,-1.0,1.0,0.0,0.0,-0.5,-0.5,1.0,10.0,11.0,12.0
1.0,0.0,0.0,0.0,0.0,1.0,-1.0,-0.5,2.0,2.0,0.0,1.0,0.0,-1.0,0.0,0.0,0.0,0.0,1.0,1.0,1.0,1.0,0.0,-1.0,2.0,1.0,0.0,0.5,-1.5,0.3333333333333333,7.0,8.0,9.0
1.0,0.0,1.0,0.0,1.0,1.0,0.5,0.5,2.0,2.0,3.0,1.0,1.0,1.0,0.0,0.0,0.0,0.0,0.0,1.0,1.0,1.0,0.0,1.0,1.0,0.5,0.0,-0.5,-1.5,-0.3333333333333333,15.0,17.0,17.0
1.0,0.0,1.0,0.0,0.0,1.0,-1.0,-1.0,2.0,2.0,1.0,1.0,3.0,1.0,0.0,0.0,0.0,0.0,0.0,1.0,1.0,1.0,0.0,0.0,0.0,-0.5,0.0,0.0,0.0,0.3333333333333333,10.0,11.0,12.0
1.0,0.0,1.0,0.0,1.0,1.0,0.5,0.5,4.0,3.0,0.0,1.0,0.0,0.0,0.0,0.0,0.0,0.0,1.0,1.0,1.0,1.0,0.0,1.0,1.0,0.0,2.0,1.0,-1.0,-0.16666666666666666,13.0,14.0,14.0
1.0,0.0,1.0,1.0,0.0,1.0,0.0,0.0,2.0,2.0,1.0,1.0,0.0,0.0,0.0,0.0,0.0,0.0,0.0,1.0,1.0,1.0,1.0,0.0,-2.0,0.0,0.0,0.0,-1.5,-0.16666666666666666,16.0,16.0,16.0
1.0,0.0,0.0,0.0,0.0,1.0,0.0,-1.0,0.0,2.0,3.0,1.0,0.0,0.0,0.0,0.0,1.0,0.0,1.0,0.0,1.0,1.0,0.0,0.0,2.0,0.5,1.0,0.5,-1.5,1.3333333333333333,8.0,9.0,9.0
1.0,1.0,1.0,1.0,0.0,1.0,0.5,0.5,4.0,4.0,1.0,0.0,0.0,0.0,0.0,0.0,0.0,0.0,1.0,0.0,1.0,1.0,0.0,-1.0,-1.0,0.5,0.0,1.0,-1.0,0.3333333333333333,17.0,18.0,19.0
1.0,1.0,1.0,0.0,0.0,1.0,-0.5,-1.0,2.0,2.0,2.0,1.0,1.0,-1.0,0.0,0.0,0.0,0.0,1.0,0.0,1.0,1.0,1.0,0.0,1.0,0.0,0.0,0.5,0.5,-0.3333333333333333,7.0,7.0,0.0
1.0,1.0,0.0,1.0,0.0,1.0,-0.5,0.0,2.0,3.0,1.0,0.0,1.0,0.0,0.0,0.0,0.0,0.0,1.0,1.0,1.0,1.0,0.0,0.0,1.0,0.0,0.0,-0.5,-0.5,0.3333333333333333,14.0,15.0,16.0
1.0,1.0,2.0,0.0,0.0,1.0,-1.0,-1.0,2.0,3.0,2.0,1.0,1.0,-1.0,1.0,0.0,0.0,0.0,0.0,1.0,1.0,0.0,0.0,0.0,0.0,-0.5,0.0,0.5,0.5,-0.3333333333333333,5.0,8.0,0.0
1.0,1.0,1.0,0.0,0.0,1.0,0.5,-0.5,2.0,2.0,1.0,0.0,1.0,-1.0,1.0,0.0,0.0,1.0,0.0,1.0,1.0,0.0,0.0,1.0,1.0,0.0,3.0,0.5,-0.5,-0.3333333333333333,7.0,7.0,0.0
1.0,0.0,1.0,0.0,0.0,1.0,-0.5,-0.5,0.0,2.0,2.0,1.0,1.0,1.0,0.0,0.0,0.0,0.0,0.0,1.0,1.0,0.0,0.0,1.0,0.0,0.0,0.0,0.5,0.0,-0.3333333333333333,14.0,17.0,15.0
1.0,0.0,1.0,0.0,0.0,1.0,0.5,0.5,4.0,0.0,3.0,1.0,2.0,-1.0,0.0,0.0,1.0,0.0,1.0,1.0,1.0,1.0,1.0,0.0,1.0,0.0,1.0,0.0,0.5,0.3333333333333333,7.0,9.0,10.0
1.0,0.0,2.0,0.0,0.0,1.0,-0.5,0.0,3.0,2.0,0.0,1.0,0.0,1.0,1.0,0.0,0.0,0.0,1.0,0.0,1.0,1.0,0.0,1.0,1.0,-0.5,0.0,0.0,0.5,0.3333333333333333,10.0,11.0,10.0
1.0,0.0,1.0,1.0,1.0,1.0,0.0,-1.0,4.0,3.0,0.0,1.0,0.0,0.0,0.0,0.0,1.0,0.0,0.0,1.0,1.0,1.0,0.0,0.0,0.0,0.5,0.0,-0.5,-1.5,0.3333333333333333,15.0,15.0,16.0
1.0,0.0,1.0,1.0,0.0,1.0,-1.0,-1.0,2.0,2.0,0.0,1.0,2.0,0.0,2.0,0.0,0.0,0.0,1.0,1.0,1.0,0.0,1.0,-1.0,1.0,0.5,1.0,0.0,0.5,0.16666666666666666,7.0,8.0,7.0
1.0,0.0,1.0,1.0,0.0,1.0,-1.0,-1.0,2.0,2.0,0.0,1.0,1.0,0.0,0.0,0.0,0.0,0.0,1.0,1.0,1.0,0.0,0.0,-3.0,-2.0,-1.0,0.0,-0.5,0.5,0.6666666666666666,11.0,12.0,9.0
1.0,1.0,0.0,1.0,1.0,1.0,0.0,-1.0,3.0,3.0,0.0,1.0,1.0,-1.0,0.0,0.0,0.0,0.0,0.0,0.0,1.0,1.0,0.0,-2.0,1.0,1.0,2.0,1.0,-1.0,0.6666666666666666,10.0,10.0,10.0
1.0,1.0,1.0,0.0,1.0,1.0,0.0,-0.5,3.0,2.0,0.0,1.0,2.0,-1.0,0.0,0.0,0.0,0.0,0.0,0.0,1.0,1.0,0.0,0.0,1.0,-1.0,2.0,1.0,0.5,0.3333333333333333,10.0,11.0,11.0
